Exp Date,Symbol,Contract Name,Last,52W High,52W High Date,52W Low,52W Low Date,52W %Chg,Time
21/05/1990,NGM90,Natural Gas June 1990 Futures,1.557,1.65,04/04/1990,1.525,23/04/1990,-3.89%,21/05/1990
20/06/1990,NGN90,Natural Gas July 1990 Futures,1.51,1.655,17/04/1990,1.505,20/06/1990,-7.65%,20/06/1990
20/07/1990,NGQ90,Natural Gas August 1990 Futures,1.426,1.685,19/04/1990,1.424,20/07/1990,-13.31%,20/07/1990
22/08/1990,NGU90,Natural Gas September 1990 Futures,1.428,1.69,10/05/1990,1.396,01/08/1990,-13.45%,22/08/1990
19/09/1990,NGV90,Natural Gas October 1990 Futures,1.555,1.72,18/05/1990,1.47,27/08/1990,-7.44%,19/09/1990
22/10/1990,NGX90,Natural Gas November 1990 Futures,1.97,1.99,09/10/1990,1.732,11/07/1990,2.07%,22/10/1990
20/11/1990,NGZ90,Natural Gas December 1990 Futures,2.38,2.615,10/10/1990,2.01,10/07/1990,6.97%,20/11/1990
18/12/1990,NGF91,Natural Gas January 1991 Futures,2.046,2.94,10/10/1990,1.99,18/12/1990,-10.66%,18/12/1990
22/01/1991,NGG91,Natural Gas February 1991 Futures,1.538,2.755,11/10/1990,1.501,22/01/1991,-21.81%,22/01/1991
19/02/1991,NGH91,Natural Gas March 1991 Futures,1.395,2,09/10/1990,1.33,14/02/1991,-17.94%,19/02/1991
19/03/1991,NGJ91,Natural Gas April 1991 Futures,1.391,1.8,11/10/1990,1.331,21/02/1991,-12.52%,19/03/1991
22/04/1991,NGK91,Natural Gas May 1991 Futures,1.35,1.78,09/10/1990,1.342,22/04/1991,-12.90%,22/04/1991
22/05/1991,NGM91,Natural Gas June 1991 Futures,1.336,1.8,11/10/1990,1.321,22/05/1991,-17.63%,22/05/1991
20/06/1991,NGN91,Natural Gas July 1991 Futures,1.167,1.81,11/10/1990,1.155,20/06/1991,-28.40%,20/06/1991
23/07/1991,NGQ91,Natural Gas August 1991 Futures,1.195,1.84,11/10/1990,1.06,25/06/1991,-27.58%,23/07/1991
22/08/1991,NGU91,Natural Gas September 1991 Futures,1.42,1.86,12/10/1990,1.07,25/06/1991,-17.44%,22/08/1991
23/09/1991,NGV91,Natural Gas October 1991 Futures,1.8,1.88,18/10/1990,1.15,25/06/1991,3.45%,23/09/1991
24/10/1991,NGX91,Natural Gas November 1991 Futures,1.772,2.04,21/11/1990,1.43,25/06/1991,-8.19%,24/10/1991
20/11/1991,NGZ91,Natural Gas December 1991 Futures,1.987,2.36,06/12/1990,1.665,25/06/1991,-15.81%,20/11/1991
20/12/1991,NGF92,Natural Gas January 1992 Futures,1.695,2.36,03/01/1991,1.68,20/12/1991,-28.18%,20/12/1991
24/01/1992,NGG92,Natural Gas February 1992 Futures,1.046,2.045,04/03/1991,1.02,24/01/1992,-47.70%,24/01/1992
21/02/1992,NGH92,Natural Gas March 1992 Futures,1.249,1.675,06/03/1991,1.045,18/02/1992,-25.43%,21/02/1992
24/03/1992,NGJ92,Natural Gas April 1992 Futures,1.418,1.5,06/09/1991,1.095,18/02/1992,-2.54%,24/03/1992
23/04/1992,NGK92,Natural Gas May 1992 Futures,1.596,1.61,23/04/1992,1.113,18/02/1992,12.79%,23/04/1992
21/05/1992,NGM92,Natural Gas June 1992 Futures,1.685,1.79,20/05/1992,1.137,19/02/1992,15.81%,21/05/1992
23/06/1992,NGN92,Natural Gas July 1992 Futures,1.517,1.67,02/06/1992,1.156,23/01/1992,14.06%,23/06/1992
24/07/1992,NGQ92,Natural Gas August 1992 Futures,1.939,1.96,24/07/1992,1.18,23/01/1992,36.07%,24/07/1992
24/08/1992,NGU92,Natural Gas September 1992 Futures,1.987,2.03,24/08/1992,1.23,23/01/1992,35.63%,24/08/1992
23/09/1992,NGV92,Natural Gas October 1992 Futures,2.743,2.79,23/09/1992,1.36,24/01/1992,66.24%,23/09/1992
23/10/1992,NGX92,Natural Gas November 1992 Futures,2.499,2.63,20/10/1992,1.56,24/01/1992,38.83%,23/10/1992
19/11/1992,NGZ92,Natural Gas December 1992 Futures,2.332,2.55,22/09/1992,1.745,19/02/1992,17.48%,19/11/1992
22/12/1992,NGF93,Natural Gas January 1993 Futures,2.003,2.52,22/09/1992,1.825,19/02/1992,3.25%,22/12/1992
22/01/1993,NGG93,Natural Gas February 1993 Futures,1.634,2.219,22/09/1992,1.52,19/02/1992,2.13%,22/01/1993
23/02/1993,NGH93,Natural Gas March 1993 Futures,1.906,1.95,23/02/1993,1.31,27/02/1992,43.31%,23/02/1993
25/03/1993,NGJ93,Natural Gas April 1993 Futures,2.224,2.27,25/03/1993,1.325,27/03/1992,64.74%,25/03/1993
23/04/1993,NGK93,Natural Gas May 1993 Futures,2.758,2.8,23/04/1993,1.38,28/04/1992,97.00%,23/04/1993
21/05/1993,NGM93,Natural Gas June 1993 Futures,2.119,2.57,23/04/1993,1.425,22/05/1992,46.64%,21/05/1993
23/06/1993,NGN93,Natural Gas July 1993 Futures,1.94,2.49,23/04/1993,1.47,24/06/1992,30.20%,23/06/1993
23/07/1993,NGQ93,Natural Gas August 1993 Futures,2.121,2.475,23/04/1993,1.565,05/01/1993,33.40%,23/07/1993
24/08/1993,NGU93,Natural Gas September 1993 Futures,2.401,2.49,23/08/1993,1.59,13/01/1993,39.19%,24/08/1993
24/09/1993,NGV93,Natural Gas October 1993 Futures,2.066,2.49,23/04/1993,1.705,22/12/1992,5.95%,24/09/1993
22/10/1993,NGX93,Natural Gas November 1993 Futures,2.155,2.582,13/04/1993,1.83,15/12/1992,2.62%,22/10/1993
19/11/1993,NGZ93,Natural Gas December 1993 Futures,2.385,2.71,23/04/1993,2.01,05/01/1993,8.90%,19/11/1993
22/12/1993,NGF94,Natural Gas January 1994 Futures,2.022,2.685,23/04/1993,1.88,14/12/1993,-3.02%,22/12/1993
24/01/1994,NGG94,Natural Gas February 1994 Futures,2.47,2.55,24/01/1994,1.835,22/12/1993,31.03%,24/01/1994
18/02/1994,NGH94,Natural Gas March 1994 Futures,2.418,2.69,02/02/1994,1.775,03/03/1993,32.49%,18/02/1994
24/03/1994,NGJ94,Natural Gas April 1994 Futures,1.981,2.44,02/02/1994,1.805,26/03/1993,9.75%,24/03/1994
22/04/1994,NGK94,Natural Gas May 1994 Futures,2.076,2.3,02/02/1994,1.84,21/12/1993,-5.85%,22/04/1994
23/05/1994,NGM94,Natural Gas June 1994 Futures,1.851,2.31,29/06/1993,1.831,23/05/1994,-8.37%,23/05/1994
23/06/1994,NGN94,Natural Gas July 1994 Futures,1.966,2.32,29/06/1993,1.8,25/05/1994,-11.16%,23/06/1994
22/07/1994,NGQ94,Natural Gas August 1994 Futures,1.789,2.271,17/08/1993,1.765,22/07/1994,-20.13%,22/07/1994
25/08/1994,NGU94,Natural Gas September 1994 Futures,1.45,2.29,27/08/1993,1.45,25/08/1994,-36.15%,25/08/1994
23/09/1994,NGV94,Natural Gas October 1994 Futures,1.406,2.325,28/09/1993,1.395,23/09/1994,-39.13%,23/09/1994
24/10/1994,NGX94,Natural Gas November 1994 Futures,1.683,2.37,25/10/1993,1.55,21/10/1994,-28.75%,24/10/1994
21/11/1994,NGZ94,Natural Gas December 1994 Futures,1.661,2.473,23/11/1993,1.585,17/11/1994,-32.04%,21/11/1994
22/12/1994,NGF95,Natural Gas January 1995 Futures,1.639,2.445,10/02/1994,1.535,21/12/1994,-27.54%,22/12/1994
24/01/1995,NGG95,Natural Gas February 1995 Futures,1.416,2.32,14/02/1994,1.25,13/01/1995,-36.42%,24/01/1995
21/02/1995,NGH95,Natural Gas March 1995 Futures,1.428,2.22,16/03/1994,1.337,31/01/1995,-34.41%,21/02/1995
24/03/1995,NGJ95,Natural Gas April 1995 Futures,1.566,2.17,25/03/1994,1.355,14/02/1995,-27.33%,24/03/1995
21/04/1995,NGK95,Natural Gas May 1995 Futures,1.672,2.154,10/06/1994,1.415,01/02/1995,-22.12%,21/04/1995
23/05/1995,NGM95,Natural Gas June 1995 Futures,1.757,2.155,10/06/1994,1.475,01/02/1995,-16.05%,23/05/1995
23/06/1995,NGN95,Natural Gas July 1995 Futures,1.532,2.145,24/06/1994,1.5,23/06/1995,-27.70%,23/06/1995
24/07/1995,NGQ95,Natural Gas August 1995 Futures,1.385,2.1,29/07/1994,1.335,24/07/1995,-33.54%,24/07/1995
24/08/1995,NGU95,Natural Gas September 1995 Futures,1.575,2.11,02/09/1994,1.39,02/08/1995,-24.68%,24/08/1995
22/09/1995,NGV95,Natural Gas October 1995 Futures,1.644,2.052,17/10/1994,1.44,25/07/1995,-19.37%,22/09/1995
24/10/1995,NGX95,Natural Gas November 1995 Futures,1.772,2.1,25/10/1994,1.6,25/07/1995,-14.60%,24/10/1995
21/11/1995,NGZ95,Natural Gas December 1995 Futures,2.241,2.285,21/11/1995,1.73,25/07/1995,11.22%,21/11/1995
21/12/1995,NGF96,Natural Gas January 1996 Futures,3.448,3.74,21/12/1995,1.78,02/08/1995,81.09%,21/12/1995
25/01/1996,NGG96,Natural Gas February 1996 Futures,2.34,3.1,03/01/1996,1.752,03/08/1995,30.95%,25/01/1996
23/02/1996,NGH96,Natural Gas March 1996 Futures,2.746,2.9,23/02/1996,1.7,02/08/1995,56.02%,23/02/1996
25/03/1996,NGJ96,Natural Gas April 1996 Futures,2.779,2.88,25/03/1996,1.668,24/07/1995,50.87%,25/03/1996
24/04/1996,NGK96,Natural Gas May 1996 Futures,2.214,2.455,19/03/1996,1.678,24/07/1995,22.39%,24/04/1996
24/05/1996,NGM96,Natural Gas June 1996 Futures,2.361,2.4,22/04/1996,1.69,02/08/1995,24.99%,24/05/1996
24/06/1996,NGN96,Natural Gas July 1996 Futures,2.646,2.7,19/06/1996,1.7,19/10/1995,51.11%,24/06/1996
25/07/1996,NGQ96,Natural Gas August 1996 Futures,2.322,2.98,28/06/1996,1.706,19/10/1995,32.69%,25/07/1996
26/08/1996,NGU96,Natural Gas September 1996 Futures,1.853,2.91,28/06/1996,1.71,03/11/1995,5.46%,26/08/1996
24/09/1996,NGV96,Natural Gas October 1996 Futures,1.828,2.84,28/06/1996,1.73,05/10/1995,3.86%,24/09/1996
25/10/1996,NGX96,Natural Gas November 1996 Futures,2.652,2.84,28/06/1996,1.795,26/10/1995,46.28%,25/10/1996
21/11/1996,NGZ96,Natural Gas December 1996 Futures,3.901,4.05,21/11/1996,1.91,01/12/1995,104.13%,21/11/1996
24/12/1996,NGF97,Natural Gas January 1997 Futures,3.998,4.6,20/12/1996,1.95,26/12/1995,102.43%,24/12/1996
27/01/1997,NGG97,Natural Gas February 1997 Futures,2.986,4.02,17/12/1996,1.964,05/02/1996,47.97%,27/01/1997
24/02/1997,NGH97,Natural Gas March 1997 Futures,1.78,3.4,06/01/1997,1.68,24/02/1997,-10.64%,24/02/1997
25/03/1997,NGJ97,Natural Gas April 1997 Futures,1.807,2.795,17/12/1996,1.77,25/03/1997,-6.32%,25/03/1997
24/04/1997,NGK97,Natural Gas May 1997 Futures,2.122,2.5,07/01/1997,1.825,24/03/1997,12.69%,24/04/1997
28/05/1997,NGM97,Natural Gas June 1997 Futures,2.346,2.43,07/05/1997,1.87,03/03/1997,17.59%,28/05/1997
26/06/1997,NGN97,Natural Gas July 1997 Futures,2.12,2.44,07/05/1997,1.88,28/02/1997,0.95%,26/06/1997
30/07/1997,NGQ97,Natural Gas August 1997 Futures,2.161,2.415,07/05/1997,1.895,03/03/1997,8.32%,30/07/1997
27/08/1997,NGU97,Natural Gas September 1997 Futures,2.515,2.605,11/08/1997,1.901,12/09/1996,25.75%,27/08/1997
26/09/1997,NGV97,Natural Gas October 1997 Futures,3.24,3.48,26/09/1997,1.935,27/09/1996,67.01%,26/09/1997
29/10/1997,NGX97,Natural Gas November 1997 Futures,3.266,3.85,28/10/1997,2.055,05/11/1996,53.55%,29/10/1997
24/11/1997,NGZ97,Natural Gas December 1997 Futures,2.577,3.884,28/10/1997,2.215,27/02/1997,11.56%,24/11/1997
29/12/1997,NGF98,Natural Gas January 1998 Futures,2.309,3.74,28/10/1997,2.14,24/12/1997,-0.47%,29/12/1997
28/01/1998,NGG98,Natural Gas February 1998 Futures,2.001,3.215,28/10/1997,1.96,28/01/1998,-13.71%,28/01/1998
27/02/1998,NGH98,Natural Gas March 1998 Futures,2.286,2.82,23/10/1997,1.98,13/01/1998,8.86%,27/02/1998
30/03/1998,NGJ98,Natural Gas April 1998 Futures,2.3,2.46,22/10/1997,2,13/01/1998,13.30%,30/03/1998
28/04/1998,NGK98,Natural Gas May 1998 Futures,2.262,2.725,08/04/1998,2.015,13/01/1998,10.50%,28/04/1998
27/05/1998,NGM98,Natural Gas June 1998 Futures,2.017,2.75,08/04/1998,1.985,22/05/1998,-2.56%,27/05/1998
26/06/1998,NGN98,Natural Gas July 1998 Futures,2.358,2.75,08/04/1998,1.91,10/06/1998,15.31%,26/06/1998
29/07/1998,NGQ98,Natural Gas August 1998 Futures,1.92,2.76,08/04/1998,1.92,29/07/1998,-7.02%,29/07/1998
27/08/1998,NGU98,Natural Gas September 1998 Futures,1.672,2.74,08/04/1998,1.6,27/08/1998,-19.81%,27/08/1998
28/09/1998,NGV98,Natural Gas October 1998 Futures,2.031,2.75,08/04/1998,1.63,02/09/1998,-11.31%,28/09/1998
28/10/1998,NGX98,Natural Gas November 1998 Futures,1.95,2.83,08/04/1998,1.86,02/09/1998,-19.02%,28/10/1998
24/11/1998,NGZ98,Natural Gas December 1998 Futures,2.1,2.94,08/04/1998,2.06,24/11/1998,-17.06%,24/11/1998
29/12/1998,NGF99,Natural Gas January 1999 Futures,1.765,2.95,08/04/1998,1.69,29/12/1998,-30.78%,29/12/1998
27/01/1999,NGG99,Natural Gas February 1999 Futures,1.81,2.77,08/04/1998,1.695,26/01/1999,-24.83%,27/01/1999
24/02/1999,NGH99,Natural Gas March 1999 Futures,1.666,2.6,08/04/1998,1.65,24/02/1999,-30.73%,24/02/1999
29/03/1999,NGJ99,Natural Gas April 1999 Futures,1.852,2.44,08/04/1998,1.62,26/02/1999,-19.13%,29/03/1999
28/04/1999,NGK99,Natural Gas May 1999 Futures,2.348,2.385,29/06/1998,1.655,26/02/1999,4.73%,28/04/1999
26/05/1999,NGM99,Natural Gas June 1999 Futures,2.226,2.415,29/04/1999,1.685,26/02/1999,-1.24%,26/05/1999
28/06/1999,NGN99,Natural Gas July 1999 Futures,2.262,2.48,07/06/1999,1.73,26/02/1999,-3.46%,28/06/1999
28/07/1999,NGQ99,Natural Gas August 1999 Futures,2.601,2.63,28/07/1999,1.785,26/02/1999,13.98%,28/07/1999
30/08/1999,NGU99,Natural Gas September 1999 Futures,2.897,3.13,25/08/1999,1.825,26/02/1999,34.24%,30/08/1999
28/09/1999,NGV99,Natural Gas October 1999 Futures,2.56,3.15,25/08/1999,1.88,26/02/1999,17.00%,28/09/1999
27/10/1999,NGX99,Natural Gas November 1999 Futures,3.092,3.24,25/08/1999,2.08,26/02/1999,31.24%,27/10/1999
24/11/1999,NGZ99,Natural Gas December 1999 Futures,2.12,3.315,25/08/1999,2.08,24/11/1999,-14.52%,24/11/1999
28/12/1999,NGF00,Natural Gas January 2000 Futures,2.344,3.325,25/08/1999,2.215,07/12/1999,-1.84%,28/12/1999
27/01/2000,NGG00,Natural Gas February 2000 Futures,2.61,3.1,25/08/1999,2.125,05/01/2000,13.43%,27/01/2000
28/02/2000,NGH00,Natural Gas March 2000 Futures,2.545,2.885,25/08/1999,2.14,04/01/2000,16.37%,28/02/2000
29/03/2000,NGJ00,Natural Gas April 2000 Futures,2.9,2.98,28/03/2000,2.16,12/04/1999,33.95%,29/03/2000
26/04/2000,NGK00,Natural Gas May 2000 Futures,3.089,3.175,17/04/2000,2.21,04/01/2000,36.26%,26/04/2000
30/05/2000,NGM00,Natural Gas June 2000 Futures,4.406,4.5,26/05/2000,2.24,04/01/2000,88.05%,30/05/2000
28/06/2000,NGN00,Natural Gas July 2000 Futures,4.369,4.715,27/06/2000,2.26,07/07/1999,90.79%,28/06/2000
27/07/2000,NGQ00,Natural Gas August 2000 Futures,3.82,4.667,27/06/2000,2.31,05/01/2000,59.17%,27/07/2000
29/08/2000,NGU00,Natural Gas September 2000 Futures,4.618,4.85,22/08/2000,2.335,05/01/2000,85.83%,29/08/2000
27/09/2000,NGV00,Natural Gas October 2000 Futures,5.312,5.445,26/09/2000,2.36,05/01/2000,100.23%,27/09/2000
31/10/2000,NGX00,Natural Gas November 2000 Futures,4.541,5.78,12/10/2000,2.495,05/01/2000,66.34%,31/10/2000
28/11/2000,NGZ00,Natural Gas December 2000 Futures,6.016,6.62,22/11/2000,2.63,04/01/2000,123.64%,28/11/2000
29/12/2000,NGF01,Natural Gas January 2001 Futures,9.98,10.1,27/12/2000,2.66,04/01/2000,263.97%,29/12/2000
29/01/2001,NGG01,Natural Gas February 2001 Futures,6.293,9.925,29/12/2000,2.685,08/02/2000,135.69%,29/01/2001
26/02/2001,NGH01,Natural Gas March 2001 Futures,4.998,9.248,10/01/2001,2.714,28/02/2000,84.16%,26/02/2001
28/03/2001,NGJ01,Natural Gas April 2001 Futures,5.384,6.94,10/01/2001,2.625,06/04/2000,95.57%,28/03/2001
27/04/2001,NGK01,Natural Gas May 2001 Futures,4.9,6.22,10/01/2001,2.785,01/05/2000,75.56%,27/04/2001
29/05/2001,NGM01,Natural Gas June 2001 Futures,3.738,6.14,10/01/2001,3.21,06/07/2000,2.44%,29/05/2001
27/06/2001,NGN01,Natural Gas July 2001 Futures,3.182,6.14,10/01/2001,3.12,27/06/2001,-10.14%,27/06/2001
27/07/2001,NGQ01,Natural Gas August 2001 Futures,3.167,6.095,10/01/2001,2.881,20/07/2001,-10.99%,27/07/2001
29/08/2001,NGU01,Natural Gas September 2001 Futures,2.295,6.04,10/01/2001,2.25,29/08/2001,-39.41%,29/08/2001
27/09/2001,NGV01,Natural Gas October 2001 Futures,1.83,6.05,10/01/2001,1.76,26/09/2001,-59.93%,27/09/2001
30/10/2001,NGX01,Natural Gas November 2001 Futures,3.202,6.14,10/01/2001,2.14,01/10/2001,-20.55%,30/10/2001
28/11/2001,NGZ01,Natural Gas December 2001 Futures,2.316,6.27,12/01/2001,2.18,28/11/2001,-51.50%,28/11/2001
31/12/2001,NGF02,Natural Gas January 2002 Futures,2.555,6.29,12/01/2001,2.45,05/12/2001,-53.46%,31/12/2001
31/01/2002,NGG02,Natural Gas February 2002 Futures,2.006,5.82,10/04/2001,1.85,28/01/2002,-63.13%,31/01/2002
28/02/2002,NGH02,Natural Gas March 2002 Futures,2.388,5.48,10/04/2001,1.96,28/01/2002,-52.28%,28/02/2002
26/03/2002,NGJ02,Natural Gas April 2002 Futures,3.472,4.87,16/04/2001,2.06,28/01/2002,-24.88%,26/03/2002
26/04/2002,NGK02,Natural Gas May 2002 Futures,3.319,4.59,27/04/2001,2.16,28/01/2002,-26.78%,26/04/2002
31/05/2002,NGM02,Natural Gas June 2002 Futures,3.535,4.23,12/06/2001,2.255,28/01/2002,-11.89%,31/05/2002
26/06/2002,NGN02,Natural Gas July 2002 Futures,3.278,3.93,14/05/2002,2.32,28/01/2002,-8.18%,26/06/2002
29/07/2002,NGQ02,Natural Gas August 2002 Futures,2.976,3.95,14/05/2002,2.38,28/01/2002,-18.80%,29/07/2002
28/08/2002,NGU02,Natural Gas September 2002 Futures,3.288,3.97,14/05/2002,2.375,28/01/2002,5.25%,28/08/2002
26/09/2002,NGV02,Natural Gas October 2002 Futures,3.686,4.034,24/09/2002,2.41,28/01/2002,25.76%,26/09/2002
29/10/2002,NGX02,Natural Gas November 2002 Futures,4.126,4.42,21/10/2002,2.645,06/02/2002,14.48%,29/10/2002
26/11/2002,NGZ02,Natural Gas December 2002 Futures,4.14,4.61,21/10/2002,2.85,06/02/2002,21.41%,26/11/2002
30/12/2002,NGF03,Natural Gas January 2003 Futures,4.93,5.56,13/12/2002,2.935,06/02/2002,44.57%,30/12/2002
29/01/2003,NGG03,Natural Gas February 2003 Futures,5.66,5.85,23/01/2003,2.89,06/02/2002,89.23%,29/01/2003
26/02/2003,NGH03,Natural Gas March 2003 Futures,9.133,11.899,25/02/2003,3.12,27/02/2002,193.10%,26/02/2003
27/03/2003,NGJ03,Natural Gas April 2003 Futures,5.146,8.639,25/02/2003,3.29,12/04/2002,46.65%,27/03/2003
28/04/2003,NGK03,Natural Gas May 2003 Futures,5.123,7.194,25/02/2003,3.444,05/08/2002,44.84%,28/04/2003
29/05/2003,NGM03,Natural Gas June 2003 Futures,5.925,6.6,25/02/2003,3.461,05/08/2002,57.71%,29/05/2003
26/06/2003,NGN03,Natural Gas July 2003 Futures,5.291,6.719,06/06/2003,3.496,05/08/2002,38.40%,26/06/2003
30/07/2003,NGQ03,Natural Gas August 2003 Futures,4.62,6.75,06/06/2003,3.529,05/08/2002,29.52%,30/07/2003
27/08/2003,NGU03,Natural Gas September 2003 Futures,4.927,6.68,06/06/2003,3.7,03/10/2002,26.14%,27/08/2003
26/09/2003,NGV03,Natural Gas October 2003 Futures,4.43,6.7,06/06/2003,3.72,03/10/2002,13.74%,26/09/2003
29/10/2003,NGX03,Natural Gas November 2003 Futures,4.459,6.75,06/06/2003,3.94,13/11/2002,7.84%,29/10/2003
25/11/2003,NGZ03,Natural Gas December 2003 Futures,4.86,6.88,06/06/2003,4.19,27/11/2002,14.62%,25/11/2003
29/12/2003,NGF04,Natural Gas January 2004 Futures,6.15,7.55,10/12/2003,4.77,30/12/2002,26.02%,29/12/2003
28/01/2004,NGG04,Natural Gas February 2004 Futures,5.775,7.63,09/01/2004,4.87,10/11/2003,18.10%,28/01/2004
25/02/2004,NGH04,Natural Gas March 2004 Futures,5.15,7.5,12/01/2004,4.79,10/11/2003,-6.30%,25/02/2004
29/03/2004,NGJ04,Natural Gas April 2004 Futures,5.365,6.01,09/01/2004,4.5,02/04/2003,17.37%,29/03/2004
28/04/2004,NGK04,Natural Gas May 2004 Futures,5.935,6.03,12/04/2004,4.52,20/11/2003,28.32%,28/04/2004
26/05/2004,NGM04,Natural Gas June 2004 Futures,6.68,6.76,25/05/2004,4.54,24/11/2003,36.22%,26/05/2004
28/06/2004,NGN04,Natural Gas July 2004 Futures,6.141,6.805,25/05/2004,4.54,28/07/2003,26.96%,28/06/2004
28/07/2004,NGQ04,Natural Gas August 2004 Futures,6.048,6.825,25/05/2004,4.58,24/11/2003,32.34%,28/07/2004
27/08/2004,NGU04,Natural Gas September 2004 Futures,5.082,6.78,25/05/2004,4.55,20/11/2003,6.65%,27/08/2004
28/09/2004,NGV04,Natural Gas October 2004 Futures,5.723,6.8,26/05/2004,4.52,16/09/2004,23.61%,28/09/2004
27/10/2004,NGX04,Natural Gas November 2004 Futures,7.626,8.52,27/10/2004,4.75,24/11/2003,57.59%,27/10/2004
24/11/2004,NGZ04,Natural Gas December 2004 Futures,7.976,9.505,27/10/2004,4.93,25/11/2003,60.71%,24/11/2004
28/12/2004,NGF05,Natural Gas January 2005 Futures,6.213,10.04,27/10/2004,5.46,29/12/2003,10.73%,28/12/2004
27/01/2005,NGG05,Natural Gas February 2005 Futures,6.288,9.987,27/10/2004,5.55,30/01/2004,10.55%,27/01/2005
24/02/2005,NGH05,Natural Gas March 2005 Futures,6.304,9.505,27/10/2004,5.53,25/02/2004,14.99%,24/02/2005
29/03/2005,NGJ05,Natural Gas April 2005 Futures,7.323,7.75,27/10/2004,5.24,29/03/2004,38.90%,29/03/2005
27/04/2005,NGK05,Natural Gas May 2005 Futures,6.748,7.904,04/04/2005,5.28,29/04/2004,26.18%,27/04/2005
26/05/2005,NGM05,Natural Gas June 2005 Futures,6.123,8.005,04/04/2005,5.74,10/06/2004,2.67%,26/05/2005
28/06/2005,NGN05,Natural Gas July 2005 Futures,6.976,8.1,04/04/2005,5.75,01/07/2004,17.94%,28/06/2005
27/07/2005,NGQ05,Natural Gas August 2005 Futures,7.647,8.29,15/07/2005,5.89,03/01/2005,28.20%,27/07/2005
29/08/2005,NGU05,Natural Gas September 2005 Futures,10.847,12.07,29/08/2005,5.87,03/01/2005,79.53%,29/08/2005
28/09/2005,NGV05,Natural Gas October 2005 Futures,13.907,14.6,28/09/2005,5.88,03/01/2005,119.04%,28/09/2005
27/10/2005,NGX05,Natural Gas November 2005 Futures,13.832,14.75,05/10/2005,6.22,03/01/2005,82.36%,27/10/2005
28/11/2005,NGZ05,Natural Gas December 2005 Futures,11.18,15.25,05/10/2005,6.53,03/01/2005,46.35%,28/11/2005
28/12/2005,NGF06,Natural Gas January 2006 Futures,11.431,15.78,13/12/2005,6.82,03/01/2005,58.87%,28/12/2005
27/01/2006,NGG06,Natural Gas February 2006 Futures,8.4,15.78,13/12/2005,7.147,07/02/2005,15.15%,27/01/2006
24/02/2006,NGH06,Natural Gas March 2006 Futures,7.112,15.55,13/12/2005,6.9,24/02/2006,-4.87%,24/02/2006
29/03/2006,NGJ06,Natural Gas April 2006 Futures,7.233,11.68,09/12/2005,6.45,08/03/2006,3.48%,29/03/2006
26/04/2006,NGK06,Natural Gas May 2006 Futures,7.198,11.266,09/12/2005,6.65,13/04/2006,1.35%,26/04/2006
26/05/2006,NGM06,Natural Gas June 2006 Futures,5.925,11.285,09/12/2005,5.75,26/05/2006,-12.37%,26/05/2006
28/06/2006,NGN06,Natural Gas July 2006 Futures,5.887,11.3,09/12/2005,5.81,28/06/2006,-21.58%,28/06/2006
27/07/2006,NGQ06,Natural Gas August 2006 Futures,7.042,11.295,09/12/2005,5.39,10/07/2006,-9.23%,27/07/2006
29/08/2006,NGU06,Natural Gas September 2006 Futures,6.816,11.28,09/12/2005,5.63,18/07/2006,-23.23%,29/08/2006
27/09/2006,NGV06,Natural Gas October 2006 Futures,4.201,11.39,09/12/2005,4.05,27/09/2006,-59.76%,27/09/2006
27/10/2006,NGX06,Natural Gas November 2006 Futures,7.153,11.765,09/12/2005,5.274,29/09/2006,-35.70%,27/10/2006
28/11/2006,NGZ06,Natural Gas December 2006 Futures,8.318,12.183,08/12/2005,6.954,29/09/2006,-24.50%,28/11/2006
27/12/2006,NGF07,Natural Gas January 2007 Futures,5.838,12.53,20/04/2006,5.74,27/12/2006,-49.23%,27/12/2006
29/01/2007,NGG07,Natural Gas February 2007 Futures,6.917,12.5,20/04/2006,6,29/12/2006,-39.67%,29/01/2007
26/02/2007,NGH07,Natural Gas March 2007 Futures,7.547,12.3,21/04/2006,6.19,18/01/2007,-28.12%,26/02/2007
28/03/2007,NGJ07,Natural Gas April 2007 Futures,7.558,10.05,20/04/2006,6.303,28/12/2006,-17.71%,28/03/2007
26/04/2007,NGK07,Natural Gas May 2007 Futures,7.508,9.45,27/04/2006,6.412,27/12/2006,-21.04%,26/04/2007
29/05/2007,NGM07,Natural Gas June 2007 Futures,7.591,9.003,01/08/2006,6.521,05/01/2007,-8.53%,29/05/2007
27/06/2007,NGN07,Natural Gas July 2007 Futures,6.929,9.093,01/08/2006,6.626,18/01/2007,-17.53%,27/06/2007
27/07/2007,NGQ07,Natural Gas August 2007 Futures,6.11,9.164,01/08/2006,5.754,25/07/2007,-30.03%,27/07/2007
29/08/2007,NGU07,Natural Gas September 2007 Futures,5.43,8.875,29/08/2006,5.192,27/08/2007,-38.76%,29/08/2007
26/09/2007,NGV07,Natural Gas October 2007 Futures,6.423,8.689,18/05/2007,5.249,10/09/2007,-14.81%,26/09/2007
29/10/2007,NGX07,Natural Gas November 2007 Futures,7.269,9.29,18/05/2007,6.23,10/09/2007,-12.61%,29/10/2007
28/11/2007,NGZ07,Natural Gas December 2007 Futures,7.203,9.912,18/05/2007,7.165,10/09/2007,-23.00%,28/11/2007
27/12/2007,NGF08,Natural Gas January 2008 Futures,7.172,10.25,18/05/2007,6.838,27/12/2007,-16.94%,27/12/2007
29/01/2008,NGG08,Natural Gas February 2008 Futures,7.996,10.222,18/05/2007,6.95,27/12/2007,-10.70%,29/01/2008
27/02/2008,NGH08,Natural Gas March 2008 Futures,8.93,10,18/05/2007,7.002,27/12/2007,-3.28%,27/02/2008
27/03/2008,NGJ08,Natural Gas April 2008 Futures,9.578,10.294,14/03/2008,7.03,03/12/2007,19.58%,27/03/2008
28/04/2008,NGK08,Natural Gas May 2008 Futures,11.28,11.36,28/04/2008,7.1,03/12/2007,37.54%,28/04/2008
28/05/2008,NGM08,Natural Gas June 2008 Futures,11.916,12.085,27/05/2008,7.21,03/12/2007,42.62%,28/05/2008
26/06/2008,NGN08,Natural Gas July 2008 Futures,13.105,13.35,19/06/2008,7.31,03/12/2007,62.27%,26/06/2008
29/07/2008,NGQ08,Natural Gas August 2008 Futures,9.217,13.694,02/07/2008,7.391,03/12/2007,12.18%,29/07/2008
27/08/2008,NGU08,Natural Gas September 2008 Futures,8.394,13.752,02/07/2008,7.42,03/12/2007,10.74%,27/08/2008
26/09/2008,NGV08,Natural Gas October 2008 Futures,7.472,13.8,02/07/2008,7.023,04/09/2008,-5.49%,26/09/2008
29/10/2008,NGX08,Natural Gas November 2008 Futures,6.469,13.998,03/07/2008,5.99,27/10/2008,-24.88%,29/10/2008
24/11/2008,NGZ08,Natural Gas December 2008 Futures,6.888,14.355,02/07/2008,6.054,14/11/2008,-22.31%,24/11/2008
29/12/2008,NGF09,Natural Gas January 2009 Futures,6.136,14.546,02/07/2008,5.21,22/12/2008,-31.53%,29/12/2008
28/01/2009,NGG09,Natural Gas February 2009 Futures,4.476,14.46,03/07/2008,4.377,26/01/2009,-50.76%,28/01/2009
25/02/2009,NGH09,Natural Gas March 2009 Futures,4.056,14.169,03/07/2008,3.921,20/02/2009,-59.42%,25/02/2009
27/03/2009,NGJ09,Natural Gas April 2009 Futures,3.631,12.002,03/07/2008,3.6,27/03/2009,-59.78%,27/03/2009
28/04/2009,NGK09,Natural Gas May 2009 Futures,3.321,11.817,02/07/2008,3.155,27/04/2009,-66.38%,28/04/2009
27/05/2009,NGM09,Natural Gas June 2009 Futures,3.538,11.869,03/07/2008,3.251,30/04/2009,-66.77%,27/05/2009
26/06/2009,NGN09,Natural Gas July 2009 Futures,3.949,11.981,02/07/2008,3.395,30/04/2009,-66.10%,26/06/2009
29/07/2009,NGQ09,Natural Gas August 2009 Futures,3.379,9.784,01/08/2008,3.225,13/07/2009,-64.16%,29/07/2009
27/08/2009,NGU09,Natural Gas September 2009 Futures,2.843,9.24,28/08/2008,2.692,27/08/2009,-69.18%,27/08/2009
28/09/2009,NGV09,Natural Gas October 2009 Futures,3.73,8.544,01/10/2008,2.409,04/09/2009,-55.81%,28/09/2009
28/10/2009,NGX09,Natural Gas November 2009 Futures,4.289,8.26,05/11/2008,3.491,04/09/2009,-42.67%,28/10/2009
24/11/2009,NGZ09,Natural Gas December 2009 Futures,4.486,8.05,26/11/2008,4.157,19/11/2009,-43.71%,24/11/2009
29/12/2009,NGF10,Natural Gas January 2010 Futures,5.814,7.85,06/01/2009,4.432,03/12/2009,-23.47%,29/12/2009
27/01/2010,NGG10,Natural Gas February 2010 Futures,5.274,6.78,10/02/2009,4.52,03/12/2009,-20.16%,27/01/2010
24/02/2010,NGH10,Natural Gas March 2010 Futures,4.816,6.41,16/06/2009,4.55,03/12/2009,-19.79%,24/02/2010
29/03/2010,NGJ10,Natural Gas April 2010 Futures,3.842,6.255,16/06/2009,3.82,29/03/2010,-29.81%,29/03/2010
28/04/2010,NGK10,Natural Gas May 2010 Futures,4.271,6.3,16/06/2009,3.81,01/04/2010,-21.81%,28/04/2010
26/05/2010,NGM10,Natural Gas June 2010 Futures,4.155,6.41,16/06/2009,3.855,06/05/2010,-29.00%,26/05/2010
28/06/2010,NGN10,Natural Gas July 2010 Futures,4.717,6.33,21/10/2009,3.971,06/05/2010,-23.28%,28/06/2010
28/07/2010,NGQ10,Natural Gas August 2010 Futures,4.774,6.402,21/10/2009,4.07,06/05/2010,-18.32%,28/07/2010
27/08/2010,NGU10,Natural Gas September 2010 Futures,3.651,6.458,20/10/2009,3.61,27/08/2010,-37.66%,27/08/2010
28/09/2010,NGV10,Natural Gas October 2010 Futures,3.837,6.61,21/10/2009,3.693,30/08/2010,-39.39%,28/09/2010
27/10/2010,NGX10,Natural Gas November 2010 Futures,3.292,6.548,18/12/2009,3.212,27/10/2010,-49.40%,27/10/2010
24/11/2010,NGZ10,Natural Gas December 2010 Futures,4.267,6.895,17/12/2009,3.5,25/10/2010,-32.48%,24/11/2010
28/12/2010,NGF11,Natural Gas January 2011 Futures,4.216,7.04,07/01/2010,3.853,15/11/2010,-40.19%,28/12/2010
27/01/2011,NGG11,Natural Gas February 2011 Futures,4.316,6.755,08/02/2010,3.894,25/10/2010,-33.61%,27/01/2011
24/02/2011,NGH11,Natural Gas March 2011 Futures,3.793,5.995,01/03/2010,3.775,24/02/2011,-36.26%,24/02/2011
29/03/2011,NGJ11,Natural Gas April 2011 Futures,4.24,5.484,13/05/2010,3.731,07/03/2011,-14.29%,29/03/2011
27/04/2011,NGK11,Natural Gas May 2011 Futures,4.377,5.495,13/05/2010,3.805,07/03/2011,-18.22%,27/04/2011
26/05/2011,NGM11,Natural Gas June 2011 Futures,4.326,5.497,08/06/2010,3.877,07/03/2011,-15.56%,26/05/2011
28/06/2011,NGN11,Natural Gas July 2011 Futures,4.357,5.322,06/07/2010,3.955,07/03/2011,-18.07%,28/06/2011
27/07/2011,NGQ11,Natural Gas August 2011 Futures,4.37,5.203,30/07/2010,3.994,04/03/2011,-14.78%,27/07/2011
29/08/2011,NGU11,Natural Gas September 2011 Futures,3.857,5.011,09/06/2011,3.834,29/08/2011,-15.77%,29/08/2011
28/09/2011,NGV11,Natural Gas October 2011 Futures,3.759,5.01,09/06/2011,3.662,22/09/2011,-17.57%,28/09/2011
27/10/2011,NGX11,Natural Gas November 2011 Futures,3.524,5.106,09/06/2011,3.447,13/10/2011,-23.09%,27/10/2011
28/11/2011,NGZ11,Natural Gas December 2011 Futures,3.364,5.283,09/06/2011,3.285,21/11/2011,-34.25%,28/11/2011
28/12/2011,NGF12,Natural Gas January 2012 Futures,3.084,5.375,24/01/2011,3.05,19/12/2011,-39.96%,28/12/2011
27/01/2012,NGG12,Natural Gas February 2012 Futures,2.678,5.33,09/06/2011,2.231,23/01/2012,-46.90%,27/01/2012
27/02/2012,NGH12,Natural Gas March 2012 Futures,2.446,5.275,09/06/2011,2.289,23/01/2012,-48.83%,27/02/2012
28/03/2012,NGJ12,Natural Gas April 2012 Futures,2.191,5.067,09/06/2011,2.163,28/03/2012,-55.46%,28/03/2012
26/04/2012,NGK12,Natural Gas May 2012 Futures,2.036,5.075,09/06/2011,1.902,20/04/2012,-58.47%,26/04/2012
29/05/2012,NGM12,Natural Gas June 2012 Futures,2.429,5.094,09/06/2011,1.982,20/04/2012,-50.50%,29/05/2012
27/06/2012,NGN12,Natural Gas July 2012 Futures,2.774,4.89,18/07/2011,2.096,20/04/2012,-40.42%,27/06/2012
27/07/2012,NGQ12,Natural Gas August 2012 Futures,3.01,4.726,28/07/2011,2.175,20/04/2012,-36.07%,27/07/2012
29/08/2012,NGU12,Natural Gas September 2012 Futures,2.634,4.63,01/09/2011,2.222,20/04/2012,-39.95%,29/08/2012
26/09/2012,NGV12,Natural Gas October 2012 Futures,3.023,4.425,27/09/2011,2.3,20/04/2012,-31.20%,26/09/2012
29/10/2012,NGX12,Natural Gas November 2012 Futures,3.471,4.352,01/11/2011,2.566,23/04/2012,-19.89%,29/10/2012
28/11/2012,NGZ12,Natural Gas December 2012 Futures,3.696,4.341,01/12/2011,2.909,23/04/2012,-12.52%,28/11/2012
27/12/2012,NGF13,Natural Gas January 2013 Futures,3.354,4.088,22/10/2012,3.062,23/04/2012,-16.63%,27/12/2012
29/01/2013,NGG13,Natural Gas February 2013 Futures,3.226,4.09,22/10/2012,3.05,02/01/2013,-12.60%,29/01/2013
26/02/2013,NGH13,Natural Gas March 2013 Futures,3.427,4.049,22/10/2012,3.052,23/04/2012,-7.00%,26/02/2013
26/03/2013,NGJ13,Natural Gas April 2013 Futures,3.976,4.025,21/03/2013,3.032,23/04/2012,17.39%,26/03/2013
26/04/2013,NGK13,Natural Gas May 2013 Futures,4.152,4.429,18/04/2013,3.15,02/01/2013,28.47%,26/04/2013
29/05/2013,NGM13,Natural Gas June 2013 Futures,4.148,4.457,18/04/2013,3.204,02/01/2013,19.85%,29/05/2013
26/06/2013,NGN13,Natural Gas July 2013 Futures,3.707,4.499,01/05/2013,3.33,29/08/2012,3.98%,26/06/2013
29/07/2013,NGQ13,Natural Gas August 2013 Futures,3.459,4.525,01/05/2013,3.354,29/08/2012,-6.13%,29/07/2013
28/08/2013,NGU13,Natural Gas September 2013 Futures,3.567,4.517,01/05/2013,3.129,08/08/2013,5.63%,28/08/2013
26/09/2013,NGV13,Natural Gas October 2013 Futures,3.498,4.525,01/05/2013,3.154,08/08/2013,-7.92%,26/09/2013
29/10/2013,NGX13,Natural Gas November 2013 Futures,3.496,4.594,01/05/2013,3.281,08/08/2013,-15.45%,29/10/2013
26/11/2013,NGZ13,Natural Gas December 2013 Futures,3.818,4.744,01/05/2013,3.379,05/11/2013,-10.96%,26/11/2013
27/12/2013,NGF14,Natural Gas January 2014 Futures,4.407,4.825,01/05/2013,3.465,05/11/2013,8.01%,27/12/2013
29/01/2014,NGG14,Natural Gas February 2014 Futures,5.557,5.716,29/01/2014,3.476,05/11/2013,38.96%,29/01/2014
26/02/2014,NGH14,Natural Gas March 2014 Futures,4.855,6.493,24/02/2014,3.469,05/11/2013,21.16%,26/02/2014
27/03/2014,NGJ14,Natural Gas April 2014 Futures,4.584,5.209,24/02/2014,3.462,05/11/2013,11.42%,27/03/2014
28/04/2014,NGK14,Natural Gas May 2014 Futures,4.795,4.893,24/02/2014,3.495,05/11/2013,15.21%,28/04/2014
28/05/2014,NGM14,Natural Gas June 2014 Futures,4.619,4.893,24/02/2014,3.537,05/11/2013,8.99%,28/05/2014
26/06/2014,NGN14,Natural Gas July 2014 Futures,4.4,4.915,24/02/2014,3.581,05/11/2013,9.59%,26/06/2014
29/07/2014,NGQ14,Natural Gas August 2014 Futures,3.808,4.893,16/06/2014,3.593,05/11/2013,-1.60%,29/07/2014
27/08/2014,NGU14,Natural Gas September 2014 Futures,3.957,4.874,16/06/2014,3.582,05/11/2013,0.64%,27/08/2014
26/09/2014,NGV14,Natural Gas October 2014 Futures,3.984,4.879,16/06/2014,3.589,05/11/2013,2.00%,26/09/2014
29/10/2014,NGX14,Natural Gas November 2014 Futures,3.728,4.905,16/06/2014,3.541,28/10/2014,-3.62%,29/10/2014
25/11/2014,NGZ14,Natural Gas December 2014 Futures,4.282,5,24/02/2014,3.62,28/10/2014,4.54%,25/11/2014
29/12/2014,NGF15,Natural Gas January 2015 Futures,3.189,5.091,24/02/2014,2.973,26/12/2014,-28.56%,29/12/2014
28/01/2015,NGG15,Natural Gas February 2015 Futures,2.866,5.027,24/02/2014,2.766,22/01/2015,-36.77%,28/01/2015
25/02/2015,NGH15,Natural Gas March 2015 Futures,2.894,4.875,29/04/2014,2.567,06/02/2015,-38.02%,25/02/2015
27/03/2015,NGJ15,Natural Gas April 2015 Futures,2.59,4.279,18/06/2014,2.578,27/03/2015,-37.30%,27/03/2015
28/04/2015,NGK15,Natural Gas May 2015 Futures,2.517,4.239,18/06/2014,2.443,27/04/2015,-39.94%,28/04/2015
27/05/2015,NGM15,Natural Gas June 2015 Futures,2.815,4.261,16/06/2014,2.481,27/04/2015,-31.44%,27/05/2015
26/06/2015,NGN15,Natural Gas July 2015 Futures,2.773,4.111,01/07/2014,2.54,27/04/2015,-32.42%,26/06/2015
29/07/2015,NGQ15,Natural Gas August 2015 Futures,2.886,3.946,28/08/2014,2.569,28/04/2015,-24.13%,29/07/2015
27/08/2015,NGU15,Natural Gas September 2015 Futures,2.638,3.934,28/08/2014,2.589,27/04/2015,-32.53%,27/08/2015
28/09/2015,NGV15,Natural Gas October 2015 Futures,2.563,3.957,29/09/2014,2.521,24/09/2015,-34.53%,28/09/2015
28/10/2015,NGX15,Natural Gas November 2015 Futures,2.033,3.996,05/11/2014,1.948,27/10/2015,-45.89%,28/10/2015
25/11/2015,NGZ15,Natural Gas December 2015 Futures,2.206,4.04,26/11/2014,2.051,23/11/2015,-45.30%,25/11/2015
29/12/2015,NGF16,Natural Gas January 2016 Futures,2.372,3.683,30/12/2014,1.684,18/12/2015,-35.82%,29/12/2015
27/01/2016,NGG16,Natural Gas February 2016 Futures,2.189,3.467,19/05/2015,1.802,18/12/2015,-36.93%,27/01/2016
25/02/2016,NGH16,Natural Gas March 2016 Futures,1.711,3.41,19/05/2015,1.682,25/02/2016,-47.82%,25/02/2016
29/03/2016,NGJ16,Natural Gas April 2016 Futures,1.903,3.19,21/05/2015,1.611,04/03/2016,-36.46%,29/03/2016
27/04/2016,NGK16,Natural Gas May 2016 Futures,1.995,3.17,19/05/2015,1.731,07/03/2016,-31.68%,27/04/2016
26/05/2016,NGM16,Natural Gas June 2016 Futures,1.963,3.153,17/06/2015,1.844,07/03/2016,-36.58%,26/05/2016
28/06/2016,NGN16,Natural Gas July 2016 Futures,2.917,3.165,14/07/2015,1.939,07/03/2016,-6.45%,28/06/2016
27/07/2016,NGQ16,Natural Gas August 2016 Futures,2.672,3.128,29/07/2015,1.99,29/02/2016,-13.56%,27/07/2016
29/08/2016,NGU16,Natural Gas September 2016 Futures,2.853,2.99,01/07/2016,2.009,07/03/2016,-2.53%,29/08/2016
28/09/2016,NGV16,Natural Gas October 2016 Futures,2.952,3.098,21/09/2016,2.049,29/02/2016,2.18%,28/09/2016
27/10/2016,NGX16,Natural Gas November 2016 Futures,2.764,3.366,13/10/2016,2.168,29/02/2016,1.25%,27/10/2016
28/11/2016,NGZ16,Natural Gas December 2016 Futures,3.232,3.556,14/10/2016,2.37,29/02/2016,18.00%,28/11/2016
28/12/2016,NGF17,Natural Gas January 2017 Futures,3.93,3.994,28/12/2016,2.5,29/02/2016,37.08%,28/12/2016
27/01/2017,NGG17,Natural Gas February 2017 Futures,3.391,3.902,28/12/2016,2.491,29/02/2016,20.55%,27/01/2017
24/02/2017,NGH17,Natural Gas March 2017 Futures,2.627,3.828,28/12/2016,2.468,26/02/2016,4.16%,24/02/2017
29/03/2017,NGJ17,Natural Gas April 2017 Futures,3.175,3.652,28/12/2016,2.601,05/04/2016,19.63%,29/03/2017
26/04/2017,NGK17,Natural Gas May 2017 Futures,3.142,3.603,29/12/2016,2.691,19/05/2016,10.83%,26/04/2017
26/05/2017,NGM17,Natural Gas June 2017 Futures,3.236,3.617,29/12/2016,2.771,09/11/2016,12.01%,26/05/2017
28/06/2017,NGN17,Natural Gas July 2017 Futures,3.067,3.638,29/12/2016,2.809,09/11/2016,0.36%,28/06/2017
27/07/2017,NGQ17,Natural Gas August 2017 Futures,2.969,3.624,29/12/2016,2.815,09/11/2016,-2.69%,27/07/2017
29/08/2017,NGU17,Natural Gas September 2017 Futures,2.961,3.6,29/12/2016,2.753,04/08/2017,-2.21%,29/08/2017
27/09/2017,NGV17,Natural Gas October 2017 Futures,2.974,3.619,29/12/2016,2.799,04/08/2017,-3.16%,27/09/2017
27/10/2017,NGX17,Natural Gas November 2017 Futures,2.752,3.654,28/12/2016,2.723,27/10/2017,-12.80%,27/10/2017
28/11/2017,NGZ17,Natural Gas December 2017 Futures,3.074,3.747,29/12/2016,2.797,24/11/2017,-11.10%,28/11/2017
27/12/2017,NGF18,Natural Gas January 2018 Futures,2.738,3.829,29/12/2016,2.568,21/12/2017,-27.05%,27/12/2017
29/01/2018,NGG18,Natural Gas February 2018 Futures,3.631,3.707,12/05/2017,2.562,21/12/2017,-0.71%,29/01/2018
26/02/2018,NGH18,Natural Gas March 2018 Futures,2.639,3.607,12/05/2017,2.53,15/02/2018,-17.45%,26/02/2018
27/03/2018,NGJ18,Natural Gas April 2018 Futures,2.691,3.01,23/10/2017,2.487,21/12/2017,-7.40%,27/03/2018
26/04/2018,NGK18,Natural Gas May 2018 Futures,2.821,3,23/10/2017,2.504,21/12/2017,-3.46%,26/04/2018
29/05/2018,NGM18,Natural Gas June 2018 Futures,2.875,3.02,23/10/2017,2.55,21/12/2017,-1.44%,29/05/2018
27/06/2018,NGN18,Natural Gas July 2018 Futures,2.996,3.053,18/06/2018,2.604,21/12/2017,3.74%,27/06/2018
27/07/2018,NGQ18,Natural Gas August 2018 Futures,2.822,3.043,18/06/2018,2.608,21/12/2017,-1.71%,29/07/2018
29/08/2018,NGU18,Natural Gas September 2018 Futures,2.895,3.021,23/10/2017,2.592,21/12/2017,-0.21%,29/08/2018
26/09/2018,NGV18,Natural Gas October 2018 Futures,3.021,3.088,26/09/2018,2.604,21/12/2017,2.23%,26/09/2018
29/10/2018,NGX18,Natural Gas November 2018 Futures,3.185,3.368,09/10/2018,2.673,21/12/2017,5.60%,29/10/2018
28/11/2018,NGZ18,Natural Gas December 2018 Futures,4.715,4.929,14/11/2018,2.818,21/12/2017,48.97%,28/11/2018
27/12/2018,NGF19,Natural Gas January 2019 Futures,3.642,4.964,14/11/2018,2.93,14/09/2018,20.88%,27/12/2018
29/01/2019,NGG19,Natural Gas February 2019 Futures,2.95,4.849,14/11/2018,2.789,29/01/2019,-6.94%,29/01/2019
26/02/2019,NGH19,Natural Gas March 2019 Futures,2.855,4.608,14/11/2018,2.543,15/02/2019,-2.76%,26/02/2019
27/03/2019,NGJ19,Natural Gas April 2019 Futures,2.713,3.06,05/12/2018,2.523,10/05/2018,1.76%,27/03/2019
26/04/2019,NGK19,Natural Gas May 2019 Futures,2.566,2.926,10/12/2018,2.439,25/04/2019,-0.62%,26/04/2019
29/05/2019,NGM19,Natural Gas June 2019 Futures,2.633,2.941,19/03/2019,2.477,25/04/2019,-0.68%,29/05/2019
26/06/2019,NGN19,Natural Gas July 2019 Futures,2.291,2.99,19/03/2019,2.159,20/06/2019,-14.96%,26/06/2019
29/07/2019,NGQ19,Natural Gas August 2019 Futures,2.141,3.004,19/03/2019,2.12,29/07/2019,-19.30%,29/07/2019
28/08/2019,NGU19,Natural Gas September 2019 Futures,2.251,2.991,19/03/2019,2.029,05/08/2019,-15.12%,28/08/2019
26/09/2019,NGV19,Natural Gas October 2019 Futures,2.428,3,19/03/2019,2.045,05/08/2019,-9.10%,26/09/2019
29/10/2019,NGX19,Natural Gas November 2019 Futures,2.597,3.035,19/03/2019,2.135,05/08/2019,-6.52%,29/10/2019
26/11/2019,NGZ19,Natural Gas December 2019 Futures,2.47,3.165,05/03/2019,2.339,05/08/2019,-16.01%,26/11/2019
27/12/2019,NGF20,Natural Gas January 2020 Futures,2.158,3.243,05/03/2019,2.138,27/12/2019,-32.27%,27/12/2019
29/01/2020,NGG20,Natural Gas February 2020 Futures,1.877,3.178,05/03/2019,1.825,21/01/2020,-40.36%,29/01/2020
26/02/2020,NGH20,Natural Gas March 2020 Futures,1.821,3.04,04/03/2019,1.753,11/02/2020,-38.25%,26/02/2020
27/03/2020,NGJ20,Natural Gas April 2020 Futures,1.634,2.663,12/04/2019,1.519,23/03/2020,-37.89%,27/03/2020
28/04/2020,NGK20,Natural Gas May 2020 Futures,1.794,2.612,20/05/2019,1.521,02/04/2020,-28.61%,28/04/2020
27/05/2020,NGM20,Natural Gas June 2020 Futures,1.722,2.579,29/05/2019,1.595,13/05/2020,-33.00%,27/05/2020
26/06/2020,NGN20,Natural Gas July 2020 Futures,1.495,2.547,12/07/2019,1.432,26/06/2020,-39.64%,26/06/2020
29/07/2020,NGQ20,Natural Gas August 2020 Futures,1.854,2.486,06/11/2019,1.517,26/06/2020,-22.81%,29/07/2020
27/08/2020,NGU20,Natural Gas September 2020 Futures,2.579,2.598,27/08/2020,1.583,26/06/2020,10.73%,27/08/2020
28/09/2020,NGV20,Natural Gas October 2020 Futures,2.101,2.743,28/08/2020,1.7,26/06/2020,-12.02%,28/09/2020
28/10/2020,NGX20,Natural Gas November 2020 Futures,2.996,3.091,27/10/2020,2.072,09/03/2020,22.84%,28/10/2020
25/11/2020,NGZ20,Natural Gas December 2020 Futures,2.896,3.396,30/10/2020,2.305,09/03/2020,8.95%,25/11/2020
29/12/2020,NGF21,Natural Gas January 2021 Futures,2.467,3.507,30/10/2020,2.238,28/12/2020,-8.66%,29/12/2020
27/01/2021,NGG21,Natural Gas February 2021 Futures,2.76,3.452,30/10/2020,2.263,28/12/2020,9.00%,27/01/2021
24/02/2021,NGH21,Natural Gas March 2021 Futures,2.854,3.32,30/10/2020,2.268,28/12/2020,18.62%,24/02/2021
29/03/2021,NGJ21,Natural Gas April 2021 Futures,2.586,3.06,18/02/2021,2.306,30/03/2020,11.37%,29/03/2021
28/04/2021,NGK21,Natural Gas May 2021 Futures,2.925,3.06,18/02/2021,2.352,28/12/2020,13.46%,28/04/2021
26/05/2021,NGM21,Natural Gas June 2021 Futures,2.984,3.15,17/05/2021,2.411,28/12/2020,17.71%,26/05/2021
28/06/2021,NGN21,Natural Gas July 2021 Futures,3.617,3.631,28/06/2021,2.472,28/12/2020,44.22%,28/06/2021
28/07/2021,NGQ21,Natural Gas August 2021 Futures,4.044,4.187,26/07/2021,2.5,28/12/2020,53.41%,28/07/2021
27/08/2021,NGU21,Natural Gas September 2021 Futures,4.37,4.397,27/08/2021,2.516,07/12/2020,55.63%,27/08/2021
28/09/2021,NGV21,Natural Gas October 2021 Futures,5.841,6.28,28/09/2021,2.552,07/12/2020,102.60%,28/09/2021
27/10/2021,NGX21,Natural Gas November 2021 Futures,6.202,6.466,06/10/2021,2.617,28/12/2020,100.45%,27/10/2021
26/11/2021,NGZ21,Natural Gas December 2021 Futures,5.447,6.593,06/10/2021,2.749,28/12/2020,77.60%,26/11/2021
29/12/2021,NGF22,Natural Gas January 2022 Futures,4.024,6.667,06/10/2021,2.919,30/12/2020,36.92%,29/12/2021
27/01/2022,NGG22,Natural Gas February 2022 Futures,6.265,7.4,27/01/2022,2.876,18/03/2021,102.69%,27/01/2022
24/02/2022,NGH22,Natural Gas March 2022 Futures,4.568,6.132,06/10/2021,2.722,18/03/2021,56.92%,24/02/2022
29/03/2022,NGJ22,Natural Gas April 2022 Futures,5.336,5.652,28/03/2022,2.454,05/04/2021,115.42%,29/03/2022
27/04/2022,NGK22,Natural Gas May 2022 Futures,7.267,8.065,18/04/2022,2.509,30/04/2021,189.41%,27/04/2022
26/05/2022,NGM22,Natural Gas June 2022 Futures,8.908,9.401,26/05/2022,2.605,27/05/2021,237.81%,26/05/2022
28/06/2022,NGN22,Natural Gas July 2022 Futures,6.551,9.664,08/06/2022,2.92,01/07/2021,120.65%,28/06/2022
27/07/2022,NGQ22,Natural Gas August 2022 Futures,8.687,9.752,26/07/2022,3.164,28/07/2021,173.26%,27/07/2022
29/08/2022,NGU22,Natural Gas September 2022 Futures,9.353,10.028,23/08/2022,3.338,30/08/2021,172.52%,29/08/2022
28/09/2022,NGV22,Natural Gas October 2022 Futures,6.868,9.987,23/08/2022,3.557,06/12/2021,75.16%,28/09/2022
27/10/2022,NGX22,Natural Gas November 2022 Futures,5.186,10.04,23/08/2022,3.66,06/12/2021,21.31%,27/10/2022
28/11/2022,NGZ22,Natural Gas December 2022 Futures,6.712,10.119,23/08/2022,3.855,06/12/2021,45.16%,28/11/2022
28/12/2022,NGF23,Natural Gas January 2023 Futures,4.709,10.181,23/08/2022,3.976,30/12/2021,12.20%,28/12/2022
27/01/2023,NGG23,Natural Gas February 2023 Futures,3.109,9.587,22/08/2022,2.761,26/01/2023,-31.20%,27/01/2023
24/02/2023,NGH23,Natural Gas March 2023 Futures,2.451,8.368,08/06/2022,1.967,22/02/2023,-45.51%,24/02/2023
29/03/2023,NGJ23,Natural Gas April 2023 Futures,1.991,6.165,13/06/2022,1.944,29/03/2023,-50.08%,29/03/2023
26/04/2023,NGK23,Natural Gas May 2023 Futures,2.117,5.961,13/06/2022,1.946,14/04/2023,-50.80%,27/04/2023
26/05/2023,NGM23,Natural Gas June 2023 Futures,2.181,6.001,10/06/2022,2.031,05/05/2023,-56.56%,26/05/2023
28/06/2023,NGN23,Natural Gas July 2023 Futures,2.603,5.938,06/09/2022,2.136,01/06/2023,-44.86%,28/06/2023
27/07/2023,NGQ23,Natural Gas August 2023 Futures,2.492,5.951,06/09/2022,2.244,01/06/2023,-50.43%,27/07/2023
29/08/2023,NGU23,Natural Gas September 2023 Futures,2.556,5.925,06/09/2022,2.249,01/06/2023,-55.65%,29/08/2023
27/09/2023,NGV23,Natural Gas October 2023 Futures,2.764,5.457,30/11/2022,2.377,01/06/2023,-44.60%,27/09/2023
27/10/2023,NGX23,Natural Gas November 2023 Futures,3.164,5.726,30/11/2022,2.796,26/09/2023,-39.19%,27/10/2023
28/11/2023,NGZ23,Natural Gas December 2023 Futures,2.706,6.088,30/11/2022,2.669,28/11/2023,-54.62%,28/11/2023
27/12/2023,NGF24,Natural Gas January 2024 Futures,2.619,5.267,28/12/2022,2.235,13/12/2023,-50.80%,27/12/2023
29/01/2024,NGG24,Natural Gas February 2024 Futures,2.49,4.316,03/03/2023,2.187,13/12/2023,-41.44%,29/01/2024
27/02/2024,NGH24,Natural Gas March 2024 Futures,1.615,3.95,03/03/2023,1.511,27/02/2024,-56.20%,27/02/2024
26/03/2024,NGJ24,Natural Gas April 2024 Futures,1.575,3.325,09/10/2023,1.481,26/03/2024,-51.70%,26/03/2024
26/04/2024,NGK24,Natural Gas May 2024 Futures,1.614,3.343,03/11/2023,1.482,26/04/2024,-48.70%,26/04/2024
29/05/2024,NGM24,Natural Gas June 2024 Futures,2.493,3.446,03/11/2023,1.907,16/04/2024,-23.22%,29/05/2024
26/06/2024,NGN24,Natural Gas July 2024 Futures,2.628,3.557,03/11/2023,2.128,15/02/2024,-22.39%,26/06/2024
29/07/2024,NGQ24,Natural Gas August 2024 Futures,1.907,3.592,03/11/2023,1.856,29/07/2024,-43.63%,29/07/2024
28/08/2024,NGU24,Natural Gas September 2024 Futures,1.93,3.572,03/11/2023,1.856,28/08/2024,-42.23%,28/08/2024
26/09/2024,NGV24,Natural Gas October 2024 Futures,2.585,3.648,03/11/2023,1.991,05/08/2024,-22.58%,26/09/2024
29/10/2024,NGX24,Natural Gas November 2024 Futures,2.346,3.988,03/11/2023,2.2,29/10/2024,-38.39%,29/10/2024
26/11/2024,NGZ24,Natural Gas December 2024 Futures,3.334,4.063,28/11/2023,2.514,04/11/2024,-17.45%,02:16 CT
27/12/2024,NGF25,Natural Gas January 2025 Futures,3.489,4.348,28/11/2023,2.8,04/11/2024,-19.22%,02:16 CT
29/01/2025,NGG25,Natural Gas February 2025 Futures,3.327,4.247,28/11/2023,2.72,04/11/2024,-21.20%,02:16 CT
26/02/2025,NGH25,Natural Gas March 2025 Futures,3.021,3.882,28/11/2023,2.522,04/11/2024,-21.77%,02:16 CT
27/03/2025,NGJ25,Natural Gas April 2025 Futures,2.958,3.541,28/11/2023,2.501,04/11/2024,-16.18%,02:13 CT
28/04/2025,NGK25,Natural Gas May 2025 Futures,3.038,3.525,28/11/2023,2.595,04/11/2024,-13.89%,02:16 CT
28/05/2025,NGM25,Natural Gas June 2025 Futures,3.181,3.654,28/11/2023,2.758,04/11/2024,-13.06%,02:16 CT
26/06/2025,NGN25,Natural Gas July 2025 Futures,3.333,3.787,28/11/2023,2.934,04/11/2024,-12.16%,02:16 CT
29/07/2025,NGQ25,Natural Gas August 2025 Futures,3.368,3.819,27/11/2023,2.974,04/11/2024,-12.05%,02:16 CT
27/08/2025,NGU25,Natural Gas September 2025 Futures,3.352,3.794,27/11/2023,2.967,04/11/2024,-11.84%,01:50 CT
26/09/2025,NGV25,Natural Gas October 2025 Futures,3.434,3.868,27/11/2023,3.022,04/11/2024,-11.31%,02:02 CT
29/10/2025,NGX25,Natural Gas November 2025 Futures,3.688,4.202,28/11/2023,3.323,04/11/2024,-12.40%,02:01 CT
25/11/2025,NGZ25,Natural Gas December 2025 Futures,4.118,4.625,27/11/2023,3.761,04/11/2024,-10.90%,02:02 CT
29/12/2025,NGF26,Natural Gas January 2026 Futures,4.365,4.891,27/11/2023,4,21/10/2024,-10.52%,01:51 CT
28/01/2026,NGG26,Natural Gas February 2026 Futures,4.181,4.725,27/11/2023,3.799,21/10/2024,-11.76%,22:49 CT
25/02/2026,NGH26,Natural Gas March 2026 Futures,3.68,4.173,27/11/2023,3.339,21/10/2024,-11.71%,02:02 CT
27/03/2026,NGJ26,Natural Gas April 2026 Futures,3.37,3.63,27/11/2023,3.002,06/08/2024,-6.98%,00:47 CT
28/04/2026,NGK26,Natural Gas May 2026 Futures,3.392,3.607,27/11/2023,3.029,06/08/2024,-5.88%,00:47 CT
27/05/2026,NGM26,Natural Gas June 2026 Futures,3.542,3.713,27/11/2023,3.175,06/08/2024,-4.55%,20:34 CT
26/06/2026,NGN26,Natural Gas July 2026 Futures,3.603,3.882,29/04/2024,3.34,06/08/2024,-5.26%,22/11/2024
29/07/2026,NGQ26,Natural Gas August 2026 Futures,3.637,3.923,29/04/2024,3.394,06/08/2024,-5.39%,22/11/2024
27/08/2026,NGU26,Natural Gas September 2026 Futures,3.608,3.89,02/05/2024,3.362,06/08/2024,-5.35%,22/11/2024
28/09/2026,NGV26,Natural Gas October 2026 Futures,3.736,3.941,30/04/2024,3.404,06/08/2024,-4.77%,20:34 CT
28/10/2026,NGX26,Natural Gas November 2026 Futures,3.896,4.274,30/04/2024,3.686,06/08/2024,-7.52%,22/11/2024
25/11/2026,NGZ26,Natural Gas December 2026 Futures,4.3,4.742,30/04/2024,4.081,12/09/2024,-7.27%,02:02 CT
29/12/2026,NGF27,Natural Gas January 2027 Futures,4.535,5.015,30/04/2024,4.321,16/09/2024,-6.88%,22:12 CT
27/01/2027,NGG27,Natural Gas February 2027 Futures,4.274,4.787,30/04/2024,4.09,17/09/2024,-8.91%,22/11/2024
24/02/2027,NGH27,Natural Gas March 2027 Futures,3.705,4.115,24/11/2023,3.502,19/09/2024,-9.41%,22/11/2024
29/03/2027,NGJ27,Natural Gas April 2027 Futures,3.273,3.557,30/04/2024,3.019,06/08/2024,-6.43%,22/11/2024
28/04/2027,NGK27,Natural Gas May 2027 Futures,3.292,3.553,01/05/2024,3.039,06/08/2024,-5.27%,22/11/2024
26/05/2027,NGM27,Natural Gas June 2027 Futures,3.413,3.706,30/04/2024,3.189,06/08/2024,-5.33%,22/11/2024
28/06/2027,NGN27,Natural Gas July 2027 Futures,3.54,3.89,29/04/2024,3.34,11/09/2024,-5.30%,22/11/2024
28/07/2027,NGQ27,Natural Gas August 2027 Futures,3.572,3.894,16/04/2024,3.38,11/09/2024,-5.70%,22/11/2024
27/08/2027,NGU27,Natural Gas September 2027 Futures,3.541,3.857,25/04/2024,3.346,11/09/2024,-5.70%,22/11/2024
28/09/2027,NGV27,Natural Gas October 2027 Futures,3.613,3.911,16/04/2024,3.413,06/08/2024,-6.13%,22/11/2024
27/10/2027,NGX27,Natural Gas November 2027 Futures,3.885,4.238,16/04/2024,3.668,13/09/2024,-8.05%,17:03 CT
26/11/2027,NGZ27,Natural Gas December 2027 Futures,4.254,4.686,30/04/2024,4.059,13/09/2024,-6.28%,22/11/2024
29/12/2027,NGF28,Natural Gas January 2028 Futures,4.448,4.964,29/04/2024,4.299,13/09/2024,-6.73%,22/11/2024
27/01/2028,NGG28,Natural Gas February 2028 Futures,4.239,4.754,30/04/2024,4.061,13/09/2024,-7.65%,22/11/2024
25/02/2028,NGH28,Natural Gas March 2028 Futures,3.611,4.06,24/11/2023,3.405,13/09/2024,-9.84%,22/11/2024
29/03/2028,NGJ28,Natural Gas April 2028 Futures,3.148,3.495,24/11/2023,2.923,17/09/2024,-8.36%,22/11/2024
26/04/2028,NGK28,Natural Gas May 2028 Futures,3.133,3.485,21/05/2024,2.938,17/09/2024,-7.47%,22/11/2024
26/05/2028,NGM28,Natural Gas June 2028 Futures,3.266,3.648,30/04/2024,3.084,17/09/2024,-6.98%,22/11/2024
28/06/2028,NGN28,Natural Gas July 2028 Futures,3.394,3.832,02/05/2024,3.241,17/09/2024,-6.66%,22/11/2024
27/07/2028,NGQ28,Natural Gas August 2028 Futures,3.458,3.854,02/05/2024,3.281,17/09/2024,-6.24%,22/11/2024
29/08/2028,NGU28,Natural Gas September 2028 Futures,3.413,3.819,02/05/2024,3.254,17/09/2024,-6.57%,22/11/2024
27/09/2028,NGV28,Natural Gas October 2028 Futures,3.478,3.868,16/04/2024,3.309,17/09/2024,-7.13%,22/11/2024
27/10/2028,NGX28,Natural Gas November 2028 Futures,3.715,4.186,27/11/2023,3.568,17/09/2024,-9.63%,22/11/2024
28/11/2028,NGZ28,Natural Gas December 2028 Futures,4.108,4.629,02/05/2024,3.964,17/09/2024,-8.57%,22/11/2024
27/12/2028,NGF29,Natural Gas January 2029 Futures,4.313,4.924,30/04/2024,4.184,17/09/2024,-9.39%,22/11/2024
29/01/2029,NGG29,Natural Gas February 2029 Futures,4.081,4.685,30/04/2024,3.941,17/09/2024,-10.48%,22/11/2024
26/02/2029,NGH29,Natural Gas March 2029 Futures,3.417,4.07,27/11/2023,3.254,17/09/2024,-14.47%,22/11/2024
28/03/2029,NGJ29,Natural Gas April 2029 Futures,2.903,3.479,27/11/2023,2.768,19/09/2024,-14.72%,22/11/2024
26/04/2029,NGK29,Natural Gas May 2029 Futures,2.925,3.466,16/04/2024,2.805,17/09/2024,-13.15%,22/11/2024
29/05/2029,NGM29,Natural Gas June 2029 Futures,3.082,3.636,16/04/2024,2.957,18/09/2024,-11.92%,22/11/2024
27/06/2029,NGN29,Natural Gas July 2029 Futures,3.254,3.804,16/04/2024,3.135,20/09/2024,-10.31%,22/11/2024
27/07/2029,NGQ29,Natural Gas August 2029 Futures,3.305,3.847,16/04/2024,3.199,18/09/2024,-9.97%,22/11/2024
29/08/2029,NGU29,Natural Gas September 2029 Futures,3.286,3.809,16/04/2024,3.178,18/09/2024,-9.55%,22/11/2024
26/09/2029,NGV29,Natural Gas October 2029 Futures,3.371,3.869,16/04/2024,3.259,18/09/2024,-9.36%,22/11/2024
29/10/2029,NGX29,Natural Gas November 2029 Futures,3.628,4.182,16/04/2024,3.524,18/09/2024,-11.12%,22/11/2024
28/11/2029,NGZ29,Natural Gas December 2029 Futures,4.043,4.62,16/04/2024,3.922,19/09/2024,-9.61%,22/11/2024
27/12/2029,NGF30,Natural Gas January 2030 Futures,4.251,4.882,30/04/2024,4.142,23/09/2024,-10.01%,22/11/2024
29/01/2030,NGG30,Natural Gas February 2030 Futures,4.044,4.671,16/04/2024,3.898,18/09/2024,-10.59%,22/11/2024
26/02/2030,NGH30,Natural Gas March 2030 Futures,3.422,4.044,27/11/2023,3.215,18/09/2024,-13.21%,22/11/2024
27/03/2030,NGJ30,Natural Gas April 2030 Futures,2.894,3.489,16/04/2024,2.715,18/09/2024,-13.69%,22/11/2024
26/04/2030,NGK30,Natural Gas May 2030 Futures,2.905,3.476,21/05/2024,2.733,18/09/2024,-12.18%,22/11/2024
29/05/2030,NGM30,Natural Gas June 2030 Futures,3.029,3.639,16/04/2024,2.871,18/09/2024,-11.12%,22/11/2024
26/06/2030,NGN30,Natural Gas July 2030 Futures,3.167,3.809,16/04/2024,3.017,18/09/2024,-9.72%,22/11/2024
29/07/2030,NGQ30,Natural Gas August 2030 Futures,3.19,3.853,16/04/2024,3.064,18/09/2024,-10.09%,22/11/2024
28/08/2030,NGU30,Natural Gas September 2030 Futures,3.154,3.829,16/04/2024,3.035,18/09/2024,-10.35%,22/11/2024
26/09/2030,NGV30,Natural Gas October 2030 Futures,3.218,3.951,16/04/2024,3.106,18/09/2024,-9.71%,22/11/2024
29/10/2030,NGX30,Natural Gas November 2030 Futures,3.478,4.299,16/04/2024,3.376,23/09/2024,-11.03%,22/11/2024
26/11/2030,NGZ30,Natural Gas December 2030 Futures,3.898,4.747,16/04/2024,3.766,23/09/2024,-9.75%,22/11/2024
27/12/2030,NGF31,Natural Gas January 2031 Futures,4.123,5.019,16/04/2024,4.002,18/11/2024,-9.76%,22/11/2024
29/01/2031,NGG31,Natural Gas February 2031 Futures,3.913,4.828,16/04/2024,3.772,23/09/2024,-10.85%,22/11/2024
26/02/2031,NGH31,Natural Gas March 2031 Futures,3.272,4.197,16/04/2024,3.119,23/09/2024,-14.77%,22/11/2024
27/03/2031,NGJ31,Natural Gas April 2031 Futures,2.752,3.661,24/05/2024,2.613,18/11/2024,-16.07%,22/11/2024
28/04/2031,NGK31,Natural Gas May 2031 Futures,2.781,3.636,24/05/2024,2.638,18/11/2024,-14.61%,22/11/2024
28/05/2031,NGM31,Natural Gas June 2031 Futures,2.906,3.763,24/05/2024,2.768,18/11/2024,-13.43%,22/11/2024
26/06/2031,NGN31,Natural Gas July 2031 Futures,3.041,3.879,24/05/2024,2.909,18/11/2024,-12.03%,22/11/2024
29/07/2031,NGQ31,Natural Gas August 2031 Futures,3.086,3.913,24/05/2024,2.942,18/11/2024,-11.75%,22/11/2024
27/08/2031,NGU31,Natural Gas September 2031 Futures,3.035,3.873,24/05/2024,2.895,18/11/2024,-13.58%,22/11/2024
26/09/2031,NGV31,Natural Gas October 2031 Futures,3.11,3.927,24/05/2024,2.941,18/11/2024,-13.18%,22/11/2024
29/10/2031,NGX31,Natural Gas November 2031 Futures,3.364,4.265,24/05/2024,3.198,18/11/2024,-13.79%,22/11/2024
25/11/2031,NGZ31,Natural Gas December 2031 Futures,3.768,4.715,24/05/2024,3.605,18/11/2024,-12.00%,22/11/2024
29/12/2031,NGF32,Natural Gas January 2032 Futures,3.994,4.964,24/05/2024,3.835,18/11/2024,-11.97%,22/11/2024
28/01/2032,NGG32,Natural Gas February 2032 Futures,3.769,4.734,24/05/2024,3.635,18/11/2024,-13.69%,22/11/2024
25/02/2032,NGH32,Natural Gas March 2032 Futures,3.099,4.062,16/04/2024,2.965,15/11/2024,-19.86%,22/11/2024
29/03/2032,NGJ32,Natural Gas April 2032 Futures,2.574,3.522,16/04/2024,2.464,15/11/2024,-22.40%,22/11/2024
28/04/2032,NGK32,Natural Gas May 2032 Futures,2.602,3.517,24/05/2024,2.492,15/11/2024,-21.03%,22/11/2024
26/05/2032,NGM32,Natural Gas June 2032 Futures,2.742,3.682,24/05/2024,2.631,15/11/2024,-19.23%,22/11/2024
28/06/2032,NGN32,Natural Gas July 2032 Futures,2.897,3.857,24/05/2024,2.785,15/11/2024,-17.11%,22/11/2024
28/07/2032,NGQ32,Natural Gas August 2032 Futures,2.936,3.887,24/05/2024,2.824,15/11/2024,-16.94%,22/11/2024
27/08/2032,NGU32,Natural Gas September 2032 Futures,2.891,3.902,02/05/2024,2.779,15/11/2024,-18.56%,22/11/2024
28/09/2032,NGV32,Natural Gas October 2032 Futures,2.966,3.948,02/05/2024,2.819,15/11/2024,-17.52%,22/11/2024
27/10/2032,NGX32,Natural Gas November 2032 Futures,3.221,4.153,02/05/2024,3.074,15/11/2024,-15.26%,22/11/2024
26/11/2032,NGZ32,Natural Gas December 2032 Futures,3.63,4.583,02/05/2024,3.483,15/11/2024,-13.59%,22/11/2024
29/12/2032,NGF33,Natural Gas January 2033 Futures,3.84,4.831,02/05/2024,3.694,15/11/2024,-13.44%,22/11/2024
27/01/2033,NGG33,Natural Gas February 2033 Futures,3.615,4.661,02/05/2024,3.474,15/11/2024,-15.06%,22/11/2024
24/02/2033,NGH33,Natural Gas March 2033 Futures,2.935,4.236,02/05/2024,2.814,15/11/2024,-24.86%,22/11/2024
29/03/2033,NGJ33,Natural Gas April 2033 Futures,2.435,3.811,02/05/2024,2.314,15/11/2024,-30.55%,22/11/2024
27/04/2033,NGK33,Natural Gas May 2033 Futures,2.465,3.789,02/05/2024,2.344,15/11/2024,-29.25%,22/11/2024
26/05/2033,NGM33,Natural Gas June 2033 Futures,2.63,3.824,02/05/2024,2.509,15/11/2024,-25.26%,22/11/2024
26/06/2033,NGN33,Natural Gas July 2033 Futures,2.815,3.864,02/05/2024,2.694,15/11/2024,-20.90%,22/11/2024
27/07/2033,NGQ33,Natural Gas August 2033 Futures,2.855,3.904,02/05/2024,2.734,15/11/2024,-20.67%,22/11/2024
29/08/2033,NGU33,Natural Gas September 2033 Futures,2.87,3.919,02/05/2024,2.749,15/11/2024,-20.59%,22/11/2024
28/09/2033,NGV33,Natural Gas October 2033 Futures,2.916,3.965,02/05/2024,2.795,15/11/2024,-20.33%,22/11/2024
27/10/2033,NGX33,Natural Gas November 2033 Futures,3.176,4.14,02/05/2024,3.055,15/11/2024,-17.18%,22/11/2024
28/11/2033,NGZ33,Natural Gas December 2033 Futures,3.576,4.54,02/05/2024,3.455,15/11/2024,-15.56%,22/11/2024
28/12/2033,NGF34,Natural Gas January 2034 Futures,3.811,4.765,02/05/2024,3.69,15/11/2024,-14.55%,22/11/2024
27/01/2034,NGG34,Natural Gas February 2034 Futures,3.611,4.617,02/05/2024,3.49,15/11/2024,-16.02%,22/11/2024
24/02/2034,NGH34,Natural Gas March 2034 Futures,3.086,4.342,02/05/2024,2.965,15/11/2024,-23.33%,22/11/2024
29/03/2034,NGJ34,Natural Gas April 2034 Futures,2.686,3.942,02/05/2024,2.565,15/11/2024,-25.90%,22/11/2024
26/04/2034,NGK34,Natural Gas May 2034 Futures,2.716,3.92,02/05/2024,2.595,15/11/2024,-24.62%,22/11/2024
26/05/2034,NGM34,Natural Gas June 2034 Futures,2.846,3.955,02/05/2024,2.643,01/11/2024,-21.77%,22/11/2024
28/06/2034,NGN34,Natural Gas July 2034 Futures,2.991,3.995,02/05/2024,2.683,01/11/2024,-18.68%,22/11/2024
27/07/2034,NGQ34,Natural Gas August 2034 Futures,3.031,4.035,02/05/2024,2.723,01/11/2024,-18.48%,22/11/2024
29/08/2034,NGU34,Natural Gas September 2034 Futures,3.046,4.05,02/05/2024,2.738,01/11/2024,-18.40%,22/11/2024
27/09/2034,NGV34,Natural Gas October 2034 Futures,3.092,4.096,02/05/2024,2.784,01/11/2024,-18.18%,22/11/2024
27/10/2034,NGX34,Natural Gas November 2034 Futures,3.292,4.246,02/05/2024,2.97,08/10/2024,-16.21%,22/11/2024
28/11/2034,NGZ34,Natural Gas December 2034 Futures,3.612,4.496,02/05/2024,3.231,23/09/2024,-13.57%,22/11/2024
27/12/2034,NGF35,Natural Gas January 2035 Futures,3.832,4.696,02/05/2024,3.431,23/09/2024,-12.49%,22/11/2024
29/01/2035,NGG35,Natural Gas February 2035 Futures,3.632,4.631,02/05/2024,3.324,01/11/2024,-15.81%,22/11/2024
26/02/2035,NGH35,Natural Gas March 2035 Futures,3.242,4.501,02/05/2024,2.934,01/11/2024,-22.51%,22/11/2024
28/03/2035,NGJ35,Natural Gas April 2035 Futures,2.912,4.171,02/05/2024,2.604,01/11/2024,-24.44%,22/11/2024
26/04/2035,NGK35,Natural Gas May 2035 Futures,2.89,4.149,02/05/2024,2.582,01/11/2024,-24.58%,22/11/2024
29/05/2035,NGM35,Natural Gas June 2035 Futures,2.925,4.184,02/05/2024,2.617,01/11/2024,-24.36%,22/11/2024
27/06/2035,NGN35,Natural Gas July 2035 Futures,2.965,4.224,02/05/2024,2.657,01/11/2024,-24.11%,22/11/2024
27/07/2035,NGQ35,Natural Gas August 2035 Futures,3.005,4.264,02/05/2024,2.697,01/11/2024,-23.87%,22/11/2024
29/08/2035,NGU35,Natural Gas September 2035 Futures,3.02,4.279,02/05/2024,2.712,01/11/2024,-23.78%,22/11/2024
26/09/2035,NGV35,Natural Gas October 2035 Futures,3.066,4.325,02/05/2024,2.758,01/11/2024,-23.50%,22/11/2024
29/10/2035,NGX35,Natural Gas November 2035 Futures,3.138,4.397,02/05/2024,2.83,01/11/2024,-23.09%,22/11/2024
28/11/2035,NGZ35,Natural Gas December 2035 Futures,3.293,4.552,02/05/2024,2.985,01/11/2024,-22.24%,22/11/2024
27/12/2035,NGF36,Natural Gas January 2036 Futures,3.543,4.802,02/05/2024,3.235,01/11/2024,-21.81%,22/11/2024
29/01/2036,NGG36,Natural Gas February 2036 Futures,3.393,4.737,02/05/2024,3.085,01/11/2024,-24.03%,22/11/2024
27/02/2036,NGH36,Natural Gas March 2036 Futures,3.193,4.607,02/05/2024,2.885,01/11/2024,-26.36%,22/11/2024
27/03/2036,NGJ36,Natural Gas April 2036 Futures,2.863,4.277,02/05/2024,2.555,01/11/2024,-28.53%,22/11/2024
28/04/2036,NGK36,Natural Gas May 2036 Futures,2.841,4.255,02/05/2024,2.533,01/11/2024,-28.69%,22/11/2024
28/05/2036,NGM36,Natural Gas June 2036 Futures,2.876,4.29,02/05/2024,2.568,01/11/2024,-28.44%,22/11/2024
26/06/2036,NGN36,Natural Gas July 2036 Futures,2.916,4.33,02/05/2024,2.608,01/11/2024,-28.16%,22/11/2024
29/07/2036,NGQ36,Natural Gas August 2036 Futures,2.956,4.37,02/05/2024,2.648,01/11/2024,-27.88%,22/11/2024
27/08/2036,NGU36,Natural Gas September 2036 Futures,2.971,4.385,02/05/2024,2.663,01/11/2024,-27.78%,22/11/2024
26/09/2036,NGV36,Natural Gas October 2036 Futures,3.017,4.431,02/05/2024,2.709,01/11/2024,-27.48%,22/11/2024
29/10/2036,NGX36,Natural Gas November 2036 Futures,3.089,4.503,02/05/2024,2.781,01/11/2024,-27.01%,22/11/2024
25/11/2036,NGZ36,Natural Gas December 2036 Futures,3.244,4.658,02/05/2024,2.936,01/11/2024,-26.05%,22/11/2024