"Exp Date",Symbol,"Contract Name",Last,"52W High","52W High Date","52W Low","52W Low Date","52W %Chg",Time
2008-12-24,LQZ08,"ICE NewCastle Coal December 2008 Futures",77.95,78,2008-12-17,72.3,2008-12-05,+7.81%,2008-12-24
2009-01-30,LQF09,"ICE NewCastle Coal January 2009 Futures",82.6,83.5,2009-01-16,68.15,2008-12-05,+21.20%,2009-01-30
2009-02-27,LQG09,"ICE NewCastle Coal February 2009 Futures",72.35,80.6,2009-01-06,67.65,2008-12-05,+6.95%,2009-02-27
2009-03-27,LQH09,"ICE NewCastle Coal March 2009 Futures",61.5,79.85,2009-01-06,61.35,2009-03-06,-9.09%,2009-03-27
2009-04-24,LQJ09,"ICE NewCastle Coal April 2009 Futures",62.35,79.85,2009-01-06,58.15,2009-03-16,-7.97%,2009-04-24
2009-05-29,LQK09,"ICE NewCastle Coal May 2009 Futures",64.12,79.8,2009-01-06,57.6,2009-03-16,-5.15%,2009-05-29
2009-06-26,LQM09,"ICE NewCastle Coal June 2009 Futures",71.95,79.8,2009-01-06,57.4,2009-03-16,+6.28%,2009-06-26
2009-07-31,LQN09,"ICE NewCastle Coal July 2009 Futures",73.7,79.75,2009-01-06,57.9,2009-03-16,+8.86%,2009-07-31
2009-08-28,LQQ09,"ICE NewCastle Coal August 2009 Futures",72.35,79.75,2009-01-06,57.9,2009-03-16,+6.87%,2009-08-28
2009-09-25,LQU09,"ICE NewCastle Coal September 2009 Futures",67.95,79.75,2009-01-06,58.15,2009-03-17,+0.37%,2009-09-25
2009-10-30,LQV09,"ICE NewCastle Coal October 2009 Futures",72.3,80,2009-06-10,59.4,2009-03-16,+6.72%,2009-10-30
2009-11-27,LQX09,"ICE NewCastle Coal November 2009 Futures",80.1,81,2009-06-10,59.4,2009-03-16,+18.23%,2009-11-27
2009-12-24,LQZ09,"ICE NewCastle Coal December 2009 Futures",81.6,82.7,2009-11-18,59.4,2009-03-16,+11.63%,2009-12-24
2010-01-29,LQF10,"ICE NewCastle Coal January 2010 Futures",95.3,102.45,2010-01-07,60,2009-03-02,+38.42%,2010-01-29
2010-02-26,LQG10,"ICE NewCastle Coal February 2010 Futures",93.85,102.45,2010-01-07,60,2009-03-02,+44.50%,2010-02-26
2010-03-26,LQH10,"ICE NewCastle Coal March 2010 Futures",94.65,102.45,2010-01-07,66.6,2009-03-30,+35.60%,2010-03-26
2010-04-30,LQJ10,"ICE NewCastle Coal April 2010 Futures",103.85,104.95,2010-04-27,68.65,2009-09-04,+45.86%,2010-04-30
2010-05-28,LQK10,"ICE NewCastle Coal May 2010 Futures",101.6,109.5,2010-05-05,68.85,2009-09-04,+34.34%,2010-05-28
2010-06-25,LQM10,"ICE NewCastle Coal June 2010 Futures",99.65,109.4,2010-04-26,69,2009-09-04,+27.10%,2010-06-25
2010-07-30,LQN10,"ICE NewCastle Coal July 2010 Futures",96.2,109.25,2010-05-04,69.9,2009-09-04,+23.18%,2010-07-30
2010-08-27,LQQ10,"ICE NewCastle Coal August 2010 Futures",90.4,109.25,2010-05-04,70.05,2009-09-04,+22.33%,2010-08-27
2010-09-24,LQU10,"ICE NewCastle Coal September 2010 Futures",94.75,109.25,2010-05-04,76.35,2009-09-25,+24.67%,2010-09-24
2010-10-29,LQV10,"ICE NewCastle Coal October 2010 Futures",97.4,109.65,2010-05-04,79.6,2009-11-03,+19.22%,2010-10-29
2010-11-26,LQX10,"ICE NewCastle Coal November 2010 Futures",107.05,112.75,2010-11-15,83,2009-12-04,+27.90%,2010-11-26
2010-12-31,LQZ10,"ICE NewCastle Coal December 2010 Futures",122.65,122.65,2010-12-31,86.7,2010-02-08,+35.67%,2010-12-31
2011-01-28,LQF11,"ICE NewCastle Coal January 2011 Futures",130.35,139.05,2011-01-10,87.8,2010-02-08,+48.04%,2011-01-28
2011-02-25,LQG11,"ICE NewCastle Coal February 2011 Futures",129,137.6,2011-01-11,90.15,2010-03-25,+39.91%,2011-02-25
2011-03-25,LQH11,"ICE NewCastle Coal March 2011 Futures",125.8,135.75,2011-01-10,90.6,2010-03-26,+39.55%,2011-03-25
2011-04-28,LQJ11,"ICE NewCastle Coal April 2011 Futures",122.8,134.8,2011-01-10,93.75,2010-08-16,+16.40%,2011-04-28
2011-05-27,LQK11,"ICE NewCastle Coal May 2011 Futures",120.35,134.25,2011-01-10,93.75,2010-08-16,+22.56%,2011-05-27
2011-06-24,LQM11,"ICE NewCastle Coal June 2011 Futures",120.4,133.15,2011-01-10,93.75,2010-08-16,+21.62%,2011-06-24
2011-07-29,LQN11,"ICE NewCastle Coal July 2011 Futures",121.05,130.05,2011-03-16,95.93,2010-09-10,+23.27%,2011-07-29
2011-08-26,LQQ11,"ICE NewCastle Coal August 2011 Futures",120.6,130.05,2011-03-16,95.93,2010-09-10,+23.95%,2011-08-26
2011-09-30,LQU11,"ICE NewCastle Coal September 2011 Futures",123.2,130.05,2011-03-16,98.13,2010-10-04,+24.89%,2011-09-30
2011-10-28,LQV11,"ICE NewCastle Coal October 2011 Futures",119.75,131.65,2011-03-16,103.85,2010-10-29,+15.37%,2011-10-28
2011-11-25,LQX11,"ICE NewCastle Coal November 2011 Futures",114.5,131.65,2011-03-16,106.65,2010-11-26,+7.56%,2011-11-25
2011-12-30,LQZ11,"ICE NewCastle Coal December 2011 Futures",112.25,131.65,2011-03-16,109.25,2011-11-25,-7.54%,2011-12-30
2012-01-27,LQF12,"ICE NewCastle Coal January 2012 Futures",118.1,131.4,2011-03-16,109.1,2011-11-25,+1.37%,2012-01-27
2012-02-24,LQG12,"ICE NewCastle Coal February 2012 Futures",118,131.4,2011-03-16,108.95,2011-11-25,-3.67%,2012-02-24
2012-03-30,LQH12,"ICE NewCastle Coal March 2012 Futures",107,131.3,2011-04-04,106.8,2012-03-13,-16.05%,2012-03-30
2012-04-27,LQJ12,"ICE NewCastle Coal April 2012 Futures",102.95,131.85,2011-05-03,102.7,2012-04-23,-20.41%,2012-04-27
2012-05-25,LQK12,"ICE NewCastle Coal May 2012 Futures",98.5,130.35,2011-06-13,96.95,2012-05-23,-21.58%,2012-05-25
2012-06-29,LQM12,"ICE NewCastle Coal June 2012 Futures",88.4,128.65,2011-07-05,87.2,2012-06-18,-30.86%,2012-06-29
2012-07-27,LQN12,"ICE NewCastle Coal July 2012 Futures",88.4,127.35,2011-08-31,84.15,2012-06-18,-30.50%,2012-07-27
2012-08-31,LQQ12,"ICE NewCastle Coal August 2012 Futures",91.75,127.35,2011-08-31,85.1,2012-06-18,-26.60%,2012-08-31
2012-09-28,LQU12,"ICE NewCastle Coal September 2012 Futures",89.5,122.4,2011-09-29,85.9,2012-06-18,-26.94%,2012-09-28
2012-10-26,LQV12,"ICE NewCastle Coal October 2012 Futures",83.25,119.25,2011-11-07,82.35,2012-10-15,-28.85%,2012-10-26
2012-11-30,LQX12,"ICE NewCastle Coal November 2012 Futures",85.9,115.95,2011-12-09,82.45,2012-10-15,-23.81%,2012-11-30
2012-12-28,LQZ12,"ICE NewCastle Coal December 2012 Futures",93.55,115.85,2012-01-30,84.85,2012-11-02,-18.37%,2012-12-28
2013-01-25,LQF13,"ICE NewCastle Coal January 2013 Futures",93.25,116.45,2012-01-30,86.2,2012-11-02,-18.27%,2013-01-25
2013-02-22,LQG13,"ICE NewCastle Coal February 2013 Futures",94.5,114.95,2012-03-30,88.1,2012-10-29,-16.45%,2013-02-22
2013-03-28,LQH13,"ICE NewCastle Coal March 2013 Futures",90.65,114.95,2012-03-30,87.9,2012-10-29,-19.92%,2013-03-28
2013-04-26,LQJ13,"ICE NewCastle Coal April 2013 Futures",86.95,109.8,2012-04-27,86.9,2013-04-02,-21.17%,2013-04-26
2013-05-31,LQK13,"ICE NewCastle Coal May 2013 Futures",87.7,101.1,2012-05-29,85.25,2013-04-18,-12.12%,2013-05-31
2013-06-28,LQM13,"ICE NewCastle Coal June 2013 Futures",83,99.6,2012-08-09,82.95,2013-06-24,-13.27%,2013-06-28
2013-07-26,LQN13,"ICE NewCastle Coal July 2013 Futures",77.25,101.95,2012-08-09,76.45,2013-07-10,-20.48%,2013-07-26
2013-08-30,LQQ13,"ICE NewCastle Coal August 2013 Futures",78.55,100.8,2012-09-03,75.9,2013-07-12,-21.25%,2013-08-30
2013-09-27,LQU13,"ICE NewCastle Coal September 2013 Futures",78.4,99.5,2012-09-28,76.1,2013-07-12,-20.89%,2013-09-27
2013-10-25,LQV13,"ICE NewCastle Coal October 2013 Futures",81.45,99,2012-11-16,76.6,2013-08-01,-15.64%,2013-10-25
2013-11-29,LQX13,"ICE NewCastle Coal November 2013 Futures",84.55,98.7,2012-12-19,77.35,2013-08-05,-13.42%,2013-11-29
2013-12-27,LQZ13,"ICE NewCastle Coal December 2013 Futures",85.95,96.85,2013-01-02,77.75,2013-08-05,-11.07%,2013-12-27
2014-01-31,LQF14,"ICE NewCastle Coal January 2014 Futures",82.35,97.25,2013-02-01,79.7,2013-08-28,-15.67%,2014-01-31
2014-02-28,LQG14,"ICE NewCastle Coal February 2014 Futures",77.55,95.25,2013-03-01,77.25,2014-02-26,-19.01%,2014-02-28
2014-03-28,LQH14,"ICE NewCastle Coal March 2014 Futures",74.35,92.3,2013-04-12,72.65,2014-03-10,-17.57%,2014-03-28
2014-04-25,LQJ14,"ICE NewCastle Coal April 2014 Futures",73.4,91,2013-04-26,71.8,2014-03-10,-19.74%,2014-04-25
2014-05-30,LQK14,"ICE NewCastle Coal May 2014 Futures",73.9,89.5,2013-05-29,71.6,2014-03-10,-17.84%,2014-05-30
2014-06-27,LQM14,"ICE NewCastle Coal June 2014 Futures",71.9,85.05,2013-10-23,71.85,2014-06-26,-13.89%,2014-06-27
2014-07-25,LQN14,"ICE NewCastle Coal July 2014 Futures",69.3,85.45,2013-09-26,68.9,2014-07-16,-18.47%,2014-07-25
2014-08-29,LQQ14,"ICE NewCastle Coal August 2014 Futures",69.25,85.45,2013-09-26,67.05,2014-07-16,-15.96%,2014-08-29
2014-09-26,LQU14,"ICE NewCastle Coal September 2014 Futures",66.3,85.2,2013-09-30,65.9,2014-09-12,-22.41%,2014-09-26
2014-10-31,LQV14,"ICE NewCastle Coal October 2014 Futures",64.3,85.5,2013-12-12,63.9,2014-10-21,-23.27%,2014-10-31
2014-11-28,LQX14,"ICE NewCastle Coal November 2014 Futures",63.45,85.5,2013-12-12,61.9,2014-11-06,-23.78%,2014-11-28
2014-12-24,LQZ14,"ICE NewCastle Coal December 2014 Futures",63.25,84.75,2013-12-31,62.05,2014-11-07,-25.37%,2014-12-24
2015-01-30,LQF15,"ICE NewCastle Coal January 2015 Futures",62.45,81.2,2014-01-31,60.05,2015-01-14,-23.79%,2015-01-30
2015-02-27,LQG15,"ICE NewCastle Coal February 2015 Futures",71.05,78.7,2014-03-03,57.55,2015-01-16,-9.32%,2015-02-27
2015-03-27,LQH15,"ICE NewCastle Coal March 2015 Futures",63.3,78.65,2014-05-14,56.2,2015-01-16,-17.90%,2015-03-27
2015-04-24,LQJ15,"ICE NewCastle Coal April 2015 Futures",58.55,78.9,2014-05-19,54.65,2015-04-10,-25.27%,2015-04-24
2015-05-29,LQK15,"ICE NewCastle Coal May 2015 Futures",60.05,77.35,2014-05-29,53.2,2015-04-08,-22.72%,2015-05-29
2015-06-26,LQM15,"ICE NewCastle Coal June 2015 Futures",60.2,73.9,2014-06-27,52.05,2015-04-08,-18.10%,2015-06-26
2015-07-31,LQN15,"ICE NewCastle Coal July 2015 Futures",60.3,74.9,2014-08-08,51.85,2015-04-08,-18.07%,2015-07-31
2015-08-28,LQQ15,"ICE NewCastle Coal August 2015 Futures",58.5,73.4,2014-08-29,51.7,2015-04-08,-20.79%,2015-08-28
2015-09-25,LQU15,"ICE NewCastle Coal September 2015 Futures",57.55,68.7,2014-09-26,51.7,2015-04-08,-16.41%,2015-09-25
2015-10-30,LQV15,"ICE NewCastle Coal October 2015 Futures",53.05,66.35,2014-10-31,51.95,2015-04-08,-20.46%,2015-10-30
2015-11-27,LQX15,"ICE NewCastle Coal November 2015 Futures",52.85,65.2,2014-11-28,51.95,2015-04-08,-19.07%,2015-11-27
2015-12-24,LQZ15,"ICE NewCastle Coal December 2015 Futures",52.1,62.85,2015-02-16,51.95,2015-04-08,-14.38%,2015-12-24
2016-01-29,LQF16,"ICE NewCastle Coal January 2016 Futures",48.8,62.55,2015-02-16,48.8,2016-01-29,-12.93%,2016-01-29
2016-02-26,LQG16,"ICE NewCastle Coal February 2016 Futures",50.45,62.35,2015-02-27,49.2,2016-01-13,-15.14%,2016-02-26
2016-03-24,LQH16,"ICE NewCastle Coal March 2016 Futures",52.3,60.25,2015-06-30,47.95,2016-01-13,-3.68%,2016-03-24
2016-04-29,LQJ16,"ICE NewCastle Coal April 2016 Futures",50.75,58.35,2015-06-30,46.9,2016-01-13,-7.89%,2016-04-29
2016-05-27,LQK16,"ICE NewCastle Coal May 2016 Futures",51.35,58.35,2015-06-30,45.8,2016-01-25,-6.21%,2016-05-27
2016-06-24,LQM16,"ICE NewCastle Coal June 2016 Futures",52.9,58.35,2015-06-30,44.5,2016-01-25,-8.71%,2016-06-24
2016-07-29,LQN16,"ICE NewCastle Coal July 2016 Futures",61.15,61.3,2016-07-15,43.9,2016-02-16,+8.61%,2016-07-29
2016-08-26,LQQ16,"ICE NewCastle Coal August 2016 Futures",67.15,68.3,2016-08-12,43.9,2016-02-16,+29.01%,2016-08-26
2016-09-30,LQU16,"ICE NewCastle Coal September 2016 Futures",72.2,72.65,2016-09-21,43.9,2016-02-16,+43.97%,2016-09-30
2016-10-28,LQV16,"ICE NewCastle Coal October 2016 Futures",93.95,94.1,2016-10-27,42.15,2016-01-20,+93.71%,2016-10-28
2016-11-25,LQX16,"ICE NewCastle Coal November 2016 Futures",103.75,115,2016-11-01,42.15,2016-01-20,+120.51%,2016-11-25
2016-12-30,LQZ16,"ICE NewCastle Coal December 2016 Futures",88.4,112.25,2016-11-01,42.15,2016-01-20,+93.86%,2016-12-30
2017-01-27,LQF17,"ICE NewCastle Coal January 2017 Futures",83.75,106,2016-11-01,41.35,2016-02-09,+94.09%,2017-01-27
2017-02-24,LQG17,"ICE NewCastle Coal February 2017 Futures",80,100,2016-11-01,41.85,2016-02-25,+91.16%,2017-02-24
2017-03-31,LQH17,"ICE NewCastle Coal March 2017 Futures",80.75,95.4,2016-11-01,46.15,2016-04-07,+72.73%,2017-03-31
2017-04-28,LQJ17,"ICE NewCastle Coal April 2017 Futures",83.55,90.4,2017-04-04,49.9,2016-05-10,+66.27%,2017-04-28
2017-05-26,LQK17,"ICE NewCastle Coal May 2017 Futures",74.45,89.1,2017-04-06,52.45,2016-05-27,+42.35%,2017-05-26
2017-06-30,LQM17,"ICE NewCastle Coal June 2017 Futures",81,88.75,2016-11-07,59.85,2016-07-11,+36.82%,2017-06-30
2017-07-28,LQN17,"ICE NewCastle Coal July 2017 Futures",87.2,87.3,2017-07-27,59.8,2016-08-05,+33.44%,2017-07-28
2017-08-25,LQQ17,"ICE NewCastle Coal August 2017 Futures",98.6,98.6,2017-08-25,60.75,2016-09-12,+62.71%,2017-08-25
2017-09-29,LQU17,"ICE NewCastle Coal September 2017 Futures",97.25,101,2017-09-13,64.5,2016-12-07,+42.28%,2017-09-29
2017-10-27,LQV17,"ICE NewCastle Coal October 2017 Futures",97.45,99.2,2017-09-14,62.6,2016-12-07,+39.71%,2017-10-27
2017-11-24,LQX17,"ICE NewCastle Coal November 2017 Futures",96.55,100.2,2017-11-02,62.6,2016-12-07,+45.52%,2017-11-25
2017-12-29,LQZ17,"ICE NewCastle Coal December 2017 Futures",100.8,101.2,2017-12-28,70.7,2017-05-15,+32.20%,2017-12-29
2018-01-26,LQF18,"ICE NewCastle Coal January 2018 Futures",106.5,107.05,2018-01-16,70.6,2017-05-15,+38.49%,2018-01-26
2018-02-23,LQG18,"ICE NewCastle Coal February 2018 Futures",105.1,109.65,2018-01-29,70.1,2017-05-15,+34.31%,2018-02-23
2018-03-29,LQH18,"ICE NewCastle Coal March 2018 Futures",96.4,108.15,2018-02-23,69.2,2017-05-15,+27.09%,2018-04-01
2018-04-27,LQJ18,"ICE NewCastle Coal April 2018 Futures",93.65,106.05,2018-01-29,67.9,2017-05-15,+27.33%,2018-04-29
2018-05-25,LQK18,"ICE NewCastle Coal May 2018 Futures",105.45,105.45,2018-05-25,67.6,2017-05-26,+55.30%,2018-05-25
2018-06-29,LQM18,"ICE NewCastle Coal June 2018 Futures",114.4,116,2018-06-14,69.2,2017-06-30,+64.84%,2018-06-29
2018-07-27,LQN18,"ICE NewCastle Coal July 2018 Futures",119.9,119.9,2018-07-27,76.85,2017-08-08,+59.23%,2018-07-29
2018-08-31,LQQ18,"ICE NewCastle Coal August 2018 Futures",118,118.9,2018-08-27,78.45,2017-08-31,+45.23%,2018-08-31
2018-09-28,LQU18,"ICE NewCastle Coal September 2018 Futures",113.85,116.45,2018-08-29,80.75,2017-09-29,+38.17%,2018-09-28
2018-10-26,LQV18,"ICE NewCastle Coal October 2018 Futures",109.65,115.55,2018-09-11,83.75,2017-11-17,+26.32%,2018-10-26
2018-11-30,LQX18,"ICE NewCastle Coal November 2018 Futures",101.7,115.1,2018-10-01,84.95,2018-03-26,+17.98%,2018-11-30
2018-12-28,LQZ18,"ICE NewCastle Coal December 2018 Futures",101.9,115.4,2018-10-04,84.6,2018-03-26,+13.22%,2018-12-28
2019-01-25,LQF19,"ICE NewCastle Coal January 2019 Futures",98.75,115.45,2018-10-03,84.35,2018-03-27,+3.19%,2019-01-25
2019-02-22,LQG19,"ICE NewCastle Coal February 2019 Futures",95.05,115.9,2018-10-03,83.7,2018-03-27,+2.04%,2019-02-22
2019-03-29,LQH19,"ICE NewCastle Coal March 2019 Futures",92.75,114.4,2018-10-03,84.35,2018-04-03,+11.14%,2019-03-29
2019-04-26,LQJ19,"ICE NewCastle Coal April 2019 Futures",85.2,112.85,2018-10-04,77.7,2019-04-04,-6.78%,2019-04-26
2019-05-31,LQK19,"ICE NewCastle Coal May 2019 Futures",83.4,111.6,2018-10-04,78.9,2019-04-04,-12.07%,2019-05-31
2019-06-28,LQM19,"ICE NewCastle Coal June 2019 Futures",70.9,110.9,2018-10-03,70.5,2019-06-20,-26.26%,2019-06-28
2019-07-26,LQN19,"ICE NewCastle Coal July 2019 Futures",74.25,110.25,2018-10-03,66.5,2019-06-27,-21.43%,2019-07-26
2019-08-30,LQQ19,"ICE NewCastle Coal August 2019 Futures",65.75,109.75,2018-10-03,65.3,2019-08-29,-32.81%,2019-08-30
2019-09-27,LQU19,"ICE NewCastle Coal September 2019 Futures",65.55,109.25,2018-10-03,63,2019-08-29,-38.25%,2019-09-27
2019-10-25,LQV19,"ICE NewCastle Coal October 2019 Futures",67.65,102.75,2018-10-29,64.15,2019-08-28,-35.45%,2019-10-25
2019-11-29,LQX19,"ICE NewCastle Coal November 2019 Futures",67.85,98.1,2019-01-30,65.05,2019-08-28,-26.77%,2019-11-29
2019-12-27,LQZ19,"ICE NewCastle Coal December 2019 Futures",66.55,97.95,2019-01-30,65.8,2019-12-23,-30.42%,2019-12-27
2020-01-31,LQF20,"ICE NewCastle Coal January 2020 Futures",68.5,96.9,2019-01-31,66.35,2019-12-23,-29.99%,2020-01-31
2020-02-28,LQG20,"ICE NewCastle Coal February 2020 Futures",67.4,94.5,2019-03-04,66.1,2020-01-31,-28.18%,2020-02-28
2020-03-27,LQH20,"ICE NewCastle Coal March 2020 Futures",66.65,90.4,2019-04-23,64.6,2020-03-09,-25.24%,2020-03-27
2020-04-24,LQJ20,"ICE NewCastle Coal April 2020 Futures",61.1,89.75,2019-05-03,60.95,2020-04-23,-30.69%,2020-04-24
2020-05-29,LQK20,"ICE NewCastle Coal May 2020 Futures",52,82.05,2019-07-10,50.5,2020-05-05,-36.35%,2020-05-29
2020-06-26,LQM20,"ICE NewCastle Coal June 2020 Futures",53.5,82.15,2019-07-23,50.75,2020-04-23,-30.65%,2020-06-26
2020-07-31,LQN20,"ICE NewCastle Coal July 2020 Futures",51.95,79.8,2019-08-01,51.25,2020-04-27,-34.57%,2020-07-31
2020-08-28,LQQ20,"ICE NewCastle Coal August 2020 Futures",49.75,79.3,2019-09-16,49.5,2020-08-12,-31.38%,2020-08-28
2020-09-25,LQU20,"ICE NewCastle Coal September 2020 Futures",52.8,78.45,2019-10-11,47.5,2020-08-25,-30.89%,2020-09-25
2020-10-30,LQV20,"ICE NewCastle Coal October 2020 Futures",58.2,76.3,2020-01-13,49.5,2020-08-25,-21.08%,2020-10-30
2020-11-27,LQX20,"ICE NewCastle Coal November 2020 Futures",63.9,76.65,2020-01-13,49.75,2020-08-25,-15.53%,2020-11-27
2020-12-24,LQZ20,"ICE NewCastle Coal December 2020 Futures",79.85,80,2020-12-22,51.45,2020-08-24,+10.37%,2020-12-24
2021-01-29,LQF21,"ICE NewCastle Coal January 2021 Futures",86.2,87.4,2021-01-15,53.5,2020-09-07,+22.70%,2021-01-29
2021-02-26,LQG21,"ICE NewCastle Coal February 2021 Futures",85.1,92,2021-01-15,54.65,2020-08-24,+23.42%,2021-02-26
2021-03-26,LQH21,"ICE NewCastle Coal March 2021 Futures",93.95,95,2021-03-23,55.3,2020-08-24,+33.83%,2021-03-26
2021-04-30,LQJ21,"ICE NewCastle Coal April 2021 Futures",93.3,99,2021-03-23,56.35,2020-08-21,+54.73%,2021-04-30
2021-05-28,LQK21,"ICE NewCastle Coal May 2021 Futures",106,106,2021-05-28,57.1,2020-08-21,+75.06%,2021-05-28
2021-06-25,LQM21,"ICE NewCastle Coal June 2021 Futures",127.7,127.7,2021-06-25,57.65,2020-08-21,+101.90%,2021-06-25
2021-07-30,LQN21,"ICE NewCastle Coal July 2021 Futures",149.75,150.1,2021-07-28,58.55,2020-08-21,+122.51%,2021-07-30
2021-08-27,LQQ21,"ICE NewCastle Coal August 2021 Futures",170.95,173.4,2021-08-16,61.1,2020-09-07,+175.06%,2021-08-27
2021-09-24,LQU21,"ICE NewCastle Coal September 2021 Futures",181.5,185.9,2021-09-23,61.95,2020-11-09,+170.09%,2021-09-24
2021-10-29,LQV21,"ICE NewCastle Coal October 2021 Futures",223.45,269.5,2021-10-05,61.7,2020-11-04,+253.56%,2021-10-29
2021-11-26,LQX21,"ICE NewCastle Coal November 2021 Futures",157.5,280,2021-10-05,67.55,2020-11-27,+132.13%,2021-11-26
2021-12-31,LQZ21,"ICE NewCastle Coal December 2021 Futures",169.6,272.5,2021-10-05,76.35,2021-01-06,+113.20%,2021-12-31
2022-01-28,LQF22,"ICE NewCastle Coal January 2022 Futures",227.65,259.4,2021-10-05,76.9,2021-02-03,+171.98%,2022-01-28
2022-02-25,LQG22,"ICE NewCastle Coal February 2022 Futures",238.6,249.3,2021-10-05,80.9,2021-03-08,+193.48%,2022-02-25
2022-03-25,LQH22,"ICE NewCastle Coal March 2022 Futures",327.15,440,2022-03-02,84.25,2021-04-08,+282.86%,2022-03-25
2022-04-29,LQJ22,"ICE NewCastle Coal April 2022 Futures",326.6,487.5,2022-03-07,87.05,2021-04-30,+271.98%,2022-04-29
2022-05-27,LQK22,"ICE NewCastle Coal May 2022 Futures",406.65,446.5,2022-03-03,91.65,2021-06-04,+332.38%,2022-05-27
2022-06-24,LQM22,"ICE Newcastle Coal June 2022 Futures",397,430,2022-03-03,96.45,2021-07-07,+306.55%,2022-06-24
2022-07-29,LQN22,"ICE Newcastle Coal July 2022 Futures",407.9,432,2022-07-13,104.6,2021-11-01,+271.83%,2022-07-29
2022-08-26,LQQ22,"ICE Newcastle Coal August 2022 Futures",417.4,445,2022-07-13,104.6,2021-11-01,+269.38%,2022-08-26
2022-09-30,LQU22,"ICE Newcastle Coal September 2022 Futures",433.7,457.8,2022-09-05,104.3,2021-11-01,+179.63%,2022-09-30
2022-10-28,LQV22,"ICE Newcastle Coal October 2022 Futures",385.7,465,2022-09-05,101.55,2021-11-01,+227.42%,2022-10-28
2022-11-25,LQX22,"ICE Newcastle Coal November 2022 Futures",349.4,451.5,2022-09-05,112.7,2021-11-30,+164.00%,2022-11-25
2022-12-30,LQZ22,"ICE Newcastle Coal December 2022 Futures",404.15,442.8,2022-09-21,119,2022-01-03,+237.64%,2022-12-30
2023-01-27,LQF23,"ICE Newcastle Coal January 2023 Futures",358.1,434.15,2022-09-21,141.75,2022-02-17,+144.27%,2023-01-27
2023-02-24,LQG23,"ICE Newcastle Coal February 2023 Futures",209.2,423.2,2022-09-21,166.3,2022-02-25,+11.48%,2023-02-24
2023-03-31,LQH23,"ICE Newcastle Coal March 2023 Futures",177.25,411.75,2022-09-21,172.25,2023-03-20,-10.50%,2023-03-31
2023-04-28,LQJ23,"ICE Newcastle Coal April 2023 Futures",189.7,399.6,2022-09-05,174.05,2023-03-20,-24.27%,2023-04-28
2023-05-26,LQK23,"ICE Newcastle Coal May 2023 Futures",160,388.65,2022-09-05,159.35,2023-05-18,-38.69%,2023-05-26
2023-06-30,LQM23,"ICE Newcastle Coal June 2023 Futures",128.05,378.15,2022-09-05,124.15,2023-06-21,-54.10%,2023-06-30
2023-07-28,LQN23,"ICE Newcastle Coal July 2023 Futures",134.45,372.95,2022-09-05,128,2023-07-13,-58.20%,2023-07-28
2023-08-25,LQQ23,"ICE Newcastle Coal August 2023 Futures",149.4,372.45,2022-09-05,127.15,2023-07-13,-54.73%,2023-08-25
2023-09-29,LQU23,"ICE Newcastle Coal September 2023 Futures",160.1,351.3,2022-12-06,128.25,2023-07-13,-52.12%,2023-09-29
2023-10-27,LQV23,"ICE Newcastle Coal October 2023 Futures",135.2,345.7,2022-12-06,131.9,2023-07-13,-56.39%,2023-10-27
2023-11-24,LQX23,"ICE Newcastle Coal November 2023 Futures",122,344.15,2022-12-06,117.45,2023-11-01,-59.27%,2023-11-24
2023-12-29,LQZ23,"ICE Newcastle Coal December 2023 Futures",146.4,279.15,2022-12-30,120.5,2023-11-07,-47.46%,2023-12-29
2024-01-26,LQF24,"ICE Newcastle Coal January 2024 Futures",127.1,253.1,2023-01-27,126.35,2023-11-20,-48.99%,2024-01-26
2024-02-23,LQG24,"ICE Newcastle Coal February 2024 Futures",119.4,233.05,2023-04-03,115,2024-02-21,-43.59%,2024-02-23
2024-03-28,LQH24,"ICE Newcastle Coal March 2024 Futures",129.1,229.55,2023-04-03,115,2024-01-29,-36.20%,2024-03-28
2024-04-26,LQJ24,"ICE Newcastle Coal April 2024 Futures",129.75,193.55,2023-05-02,115.5,2024-01-29,-32.49%,2024-04-26
2024-05-31,LQK24,"ICE Newcastle Coal May 2024 Futures",142.4,169.8,2023-08-22,115.6,2024-01-25,+5.79%,2024-05-31
2024-06-28,LQM24,"ICE Newcastle Coal June 2024 Futures",133.45,170.1,2023-09-19,115.8,2024-01-25,-13.06%,2024-06-28
2024-07-26,LQN24,"ICE Newcastle Coal July 2024 Futures",134.8,172,2023-09-19,116.7,2024-01-25,-12.67%,2024-07-26
2024-08-30,LQQ24,"ICE Newcastle Coal August 2024 Futures",146.2,173,2023-09-19,117.25,2024-01-25,-12.72%,2024-08-30
2024-09-27,LQU24,"ICE Newcastle Coal September 2024 Futures",139.75,170.35,2023-09-28,118.25,2024-01-25,-17.26%,2024-09-27
2024-10-25,LQV24,"ICE Newcastle Coal October 2024 Futures",144.9,154,2024-08-16,119.9,2024-02-01,-4.51%,2024-10-25
2024-11-29,LQX24,"ICE Newcastle Coal November 2024 Futures",141.75,154.5,2024-08-12,120.6,2024-02-01,+4.88%,2024-11-18
2024-12-27,LQZ24,"ICE Newcastle Coal December 2024 Futures",143,155.9,2024-08-16,121.25,2024-01-25,+6.08%,2024-11-18
2025-01-31,LQF25,"ICE Newcastle Coal January 2025 Futures",143,156.6,2024-08-16,122.35,2024-01-25,+5.30%,"07:28 CT"
2025-02-28,LQG25,"ICE Newcastle Coal February 2025 Futures",146.65,156.75,2024-08-12,122.15,2024-01-25,+8.63%,2024-11-18
2025-03-28,LQH25,"ICE Newcastle Coal March 2025 Futures",148.15,156.65,2024-08-12,121.9,2024-01-25,+9.94%,2024-11-18
2025-04-25,LQJ25,"ICE Newcastle Coal April 2025 Futures",149.4,156.4,2024-10-07,120.1,2024-01-29,+13.70%,2024-11-18
2025-05-30,LQK25,"ICE Newcastle Coal May 2025 Futures",149.75,156.4,2024-10-14,118.95,2024-01-29,+14.10%,2024-11-18
2025-06-27,LQM25,"ICE Newcastle Coal June 2025 Futures",150.5,156.6,2024-10-14,118.85,2024-01-29,+14.62%,2024-11-18
2025-07-25,LQN25,"ICE Newcastle Coal July 2025 Futures",152.3,158,2024-08-19,118.2,2024-02-01,+15.82%,2024-11-18
2025-08-29,LQQ25,"ICE Newcastle Coal August 2025 Futures",153.35,158.95,2024-10-07,117.5,2024-02-01,+16.44%,2024-11-18
2025-09-26,LQU25,"ICE Newcastle Coal September 2025 Futures",154.5,160.25,2024-10-07,117.6,2024-02-01,+17.18%,2024-11-18
2025-10-31,LQV25,"ICE Newcastle Coal October 2025 Futures",156.75,162.25,2024-08-09,117.05,2024-02-01,+18.75%,2024-11-18
2025-11-28,LQX25,"ICE Newcastle Coal November 2025 Futures",157.4,163.2,2024-08-09,115.95,2024-01-03,+19.11%,2024-11-18
2025-12-24,LQZ25,"ICE Newcastle Coal December 2025 Futures",157.5,163.1,2024-08-09,116.15,2024-02-01,+19.09%,2024-11-18
2026-01-30,LQF26,"ICE Newcastle Coal January 2026 Futures",156,162.05,2024-08-09,113.9,2024-01-25,+24.20%,2024-11-18
2026-02-27,LQG26,"ICE Newcastle Coal February 2026 Futures",154.9,161.55,2024-08-09,112.25,2024-01-25,+24.92%,2024-11-18
2026-03-27,LQH26,"ICE Newcastle Coal March 2026 Futures",154,160.6,2024-08-09,111.95,2024-01-25,+24.49%,2024-11-18
2026-04-24,LQJ26,"ICE Newcastle Coal April 2026 Futures",153.25,159.55,2024-10-14,111.85,2024-01-25,+23.99%,2024-11-18
2026-05-29,LQK26,"ICE Newcastle Coal May 2026 Futures",152.55,159.35,2024-10-14,111.8,2024-01-25,+23.52%,2024-11-18
2026-06-26,LQM26,"ICE Newcastle Coal June 2026 Futures",152.4,159.7,2024-10-07,111.85,2024-01-25,+23.35%,2024-11-18
2026-07-31,LQN26,"ICE Newcastle Coal July 2026 Futures",152.4,160.3,2024-10-07,112,2024-01-25,+23.20%,2024-11-18
2026-08-28,LQQ26,"ICE Newcastle Coal August 2026 Futures",152.5,161,2024-10-07,112.15,2024-01-25,+23.08%,2024-11-18
2026-09-25,LQU26,"ICE Newcastle Coal September 2026 Futures",152.45,161.25,2024-10-07,112.25,2024-01-25,+22.89%,2024-11-18
2026-10-30,LQV26,"ICE Newcastle Coal October 2026 Futures",152.05,161.45,2024-10-07,112.35,2024-01-25,+22.37%,2024-11-18
2026-11-27,LQX26,"ICE Newcastle Coal November 2026 Futures",151.95,161.6,2024-10-07,112.55,2024-01-25,+22.20%,2024-11-18
2026-12-24,LQZ26,"ICE Newcastle Coal December 2026 Futures",151.7,161.2,2024-10-07,113.45,2024-01-25,+22.49%,2024-11-18
2027-01-29,LQF27,"ICE Newcastle Coal January 2027 Futures",150.65,160.4,2024-10-07,114.65,2024-02-01,+23.33%,2024-11-18
2027-02-26,LQG27,"ICE Newcastle Coal February 2027 Futures",150.2,159.8,2024-10-07,114.45,2024-02-01,+23.57%,2024-11-18
2027-03-25,LQH27,"ICE Newcastle Coal March 2027 Futures",149.9,159.5,2024-10-07,114.25,2024-02-01,+23.58%,2024-11-18
2027-04-30,LQJ27,"ICE Newcastle Coal April 2027 Futures",149.6,159.15,2024-10-07,114,2024-02-01,+23.59%,2024-11-18
2027-05-28,LQK27,"ICE Newcastle Coal May 2027 Futures",149.4,158.95,2024-10-07,113.85,2024-02-01,+23.52%,2024-11-18
2027-06-25,LQM27,"ICE Newcastle Coal June 2027 Futures",149.45,159,2024-10-07,113.9,2024-02-01,+23.56%,2024-11-18
2027-07-30,LQN27,"ICE Newcastle Coal July 2027 Futures",149.65,159.25,2024-10-07,114.05,2024-02-01,+23.52%,2024-11-18
2027-08-27,LQQ27,"ICE Newcastle Coal August 2027 Futures",149.9,159.45,2024-10-07,114.2,2024-02-01,+23.58%,2024-11-18
2027-09-24,LQU27,"ICE Newcastle Coal September 2027 Futures",150.05,159.7,2024-10-07,114.4,2024-02-01,+23.55%,2024-11-18
2027-10-29,LQV27,"ICE Newcastle Coal October 2027 Futures",150.2,159.85,2024-10-07,114.55,2024-02-01,+23.52%,2024-11-18
2027-11-26,LQX27,"ICE Newcastle Coal November 2027 Futures",150.4,160.05,2024-10-07,114.6,2024-02-01,+23.53%,2024-11-18
2027-12-31,LQZ27,"ICE Newcastle Coal December 2027 Futures",150.75,160.15,2024-10-07,114.1,2024-02-01,+23.62%,2024-11-18
2028-01-28,LQF28,"ICE Newcastle Coal January 2028 Futures",150.55,159.95,2024-10-07,112.3,2024-02-01,+23.20%,2024-11-18
2028-02-25,LQG28,"ICE Newcastle Coal February 2028 Futures",150.35,159.8,2024-10-07,111.65,2024-02-01,+23.04%,2024-11-18
2028-03-31,LQH28,"ICE Newcastle Coal March 2028 Futures",150.05,159.5,2024-10-07,111.4,2024-02-01,+22.99%,2024-11-18
2028-04-28,LQJ28,"ICE Newcastle Coal April 2028 Futures",149.7,159.1,2024-10-07,111.2,2024-02-01,+23.01%,2024-11-18
2028-05-26,LQK28,"ICE Newcastle Coal May 2028 Futures",149.55,158.9,2024-10-07,111.1,2024-02-01,+23.04%,2024-11-18
2028-06-30,LQM28,"ICE Newcastle Coal June 2028 Futures",149.55,158.95,2024-10-07,111.15,2024-02-01,+23.04%,2024-11-18
2028-07-28,LQN28,"ICE Newcastle Coal July 2028 Futures",149.75,159.15,2024-10-07,111.3,2024-02-01,+23.05%,2024-11-18
2028-08-25,LQQ28,"ICE Newcastle Coal August 2028 Futures",150,159.4,2024-10-07,111.45,2024-02-01,+23.05%,2024-11-18
2028-09-29,LQU28,"ICE Newcastle Coal September 2028 Futures",150.2,159.6,2024-10-07,111.6,2024-02-01,+23.06%,2024-11-18
2028-10-27,LQV28,"ICE Newcastle Coal October 2028 Futures",150.35,159.8,2024-10-07,111.75,2024-02-01,+23.04%,2024-11-18
2028-11-24,LQX28,"ICE Newcastle Coal November 2028 Futures",150.55,160,2024-10-07,111.85,2024-02-01,+23.05%,2024-11-18
2028-12-29,LQZ28,"ICE Newcastle Coal December 2028 Futures",150.65,160.15,2024-10-07,111.8,2024-02-01,+23.03%,2024-11-18
2029-01-26,LQF29,"ICE Newcastle Coal January 2029 Futures",150.65,160.1,2024-10-07,111.35,2024-02-01,+22.58%,2024-11-18
2029-02-23,LQG29,"ICE Newcastle Coal February 2029 Futures",150.5,159.95,2024-10-07,111.05,2024-02-01,+22.41%,2024-11-18
2029-03-29,LQH29,"ICE Newcastle Coal March 2029 Futures",150.2,159.65,2024-10-07,110.8,2024-02-01,+22.36%,2024-11-18
2029-04-27,LQJ29,"ICE Newcastle Coal April 2029 Futures",149.9,159.25,2024-10-07,110.6,2024-02-01,+22.42%,2024-11-18
2029-05-25,LQK29,"ICE Newcastle Coal May 2029 Futures",149.7,159.05,2024-10-07,110.45,2024-02-01,+22.45%,2024-11-18
2029-06-29,LQM29,"ICE Newcastle Coal June 2029 Futures",149.7,159.1,2024-10-07,110.45,2024-02-01,+22.40%,2024-11-18
2029-07-27,LQN29,"ICE Newcastle Coal July 2029 Futures",149.9,159.3,2024-10-07,110.6,2024-02-01,+22.42%,2024-11-18
2029-08-31,LQQ29,"ICE Newcastle Coal August 2029 Futures",150.15,159.55,2024-10-07,110.8,2024-02-01,+22.42%,2024-11-18
2029-09-28,LQU29,"ICE Newcastle Coal September 2029 Futures",150.35,159.75,2024-10-07,110.95,2024-02-01,+22.43%,2024-11-18
2029-10-26,LQV29,"ICE Newcastle Coal October 2029 Futures",150.5,159.95,2024-10-07,111.05,2024-02-01,+22.41%,2024-11-18
2029-11-30,LQX29,"ICE Newcastle Coal November 2029 Futures",150.7,160.15,2024-10-07,111.2,2024-02-01,+22.42%,2024-11-18
2029-12-28,LQZ29,"ICE Newcastle Coal December 2029 Futures",150.85,160.3,2024-10-07,111.3,2024-02-01,+22.44%,2024-11-18
